--- ERROR AT 2026-05-26 22:20:34.389757 ---
Traceback (most recent call last):
  File "C:\Users\monck\AppData\Local\Python\pythoncore-3.14-64\Lib\site-packages\flask\app.py", line 917, in full_dispatch_request
    rv = self.dispatch_request()
  File "C:\Users\monck\AppData\Local\Python\pythoncore-3.14-64\Lib\site-packages\flask\app.py", line 902, in dispatch_request
    return self.ensure_sync(self.view_functions[rule.endpoint])(**view_args)  # type: ignore[no-any-return]
           ~~~~~~~~~~~~~~~~~~~~~~~~~~~~~~~~~~~~~~~~~~~~~~~~~~~~^^^^^^^^^^^^^
  File "C:\03.Webapplication\app.py", line 1363, in download_file
    return send_from_directory(app.config['UPLOAD_FOLDER'], filename)
  File "C:\Users\monck\AppData\Local\Python\pythoncore-3.14-64\Lib\site-packages\flask\helpers.py", line 572, in send_from_directory
    return werkzeug.utils.send_from_directory(  # type: ignore[return-value]
           ~~~~~~~~~~~~~~~~~~~~~~~~~~~~~~~~~~^^^^^^^^^^^^^^^^^^^^^^^^^^^^^^^
        directory, path, **_prepare_send_file_kwargs(**kwargs)
        ^^^^^^^^^^^^^^^^^^^^^^^^^^^^^^^^^^^^^^^^^^^^^^^^^^^^^^
    )
    ^
  File "C:\Users\monck\AppData\Local\Python\pythoncore-3.14-64\Lib\site-packages\werkzeug\utils.py", line 568, in send_from_directory
    raise NotFound()
werkzeug.exceptions.NotFound: 404 Not Found: The requested URL was not found on the server. If you entered the URL manually please check your spelling and try again.

--- ERROR AT 2026-05-26 22:20:34.390111 ---
Traceback (most recent call last):
  File "C:\Users\monck\AppData\Local\Python\pythoncore-3.14-64\Lib\site-packages\flask\app.py", line 917, in full_dispatch_request
    rv = self.dispatch_request()
  File "C:\Users\monck\AppData\Local\Python\pythoncore-3.14-64\Lib\site-packages\flask\app.py", line 902, in dispatch_request
    return self.ensure_sync(self.view_functions[rule.endpoint])(**view_args)  # type: ignore[no-any-return]
           ~~~~~~~~~~~~~~~~~~~~~~~~~~~~~~~~~~~~~~~~~~~~~~~~~~~~^^^^^^^^^^^^^
  File "C:\03.Webapplication\app.py", line 1363, in download_file
    return send_from_directory(app.config['UPLOAD_FOLDER'], filename)
  File "C:\Users\monck\AppData\Local\Python\pythoncore-3.14-64\Lib\site-packages\flask\helpers.py", line 572, in send_from_directory
    return werkzeug.utils.send_from_directory(  # type: ignore[return-value]
           ~~~~~~~~~~~~~~~~~~~~~~~~~~~~~~~~~~^^^^^^^^^^^^^^^^^^^^^^^^^^^^^^^
        directory, path, **_prepare_send_file_kwargs(**kwargs)
        ^^^^^^^^^^^^^^^^^^^^^^^^^^^^^^^^^^^^^^^^^^^^^^^^^^^^^^
    )
    ^
  File "C:\Users\monck\AppData\Local\Python\pythoncore-3.14-64\Lib\site-packages\werkzeug\utils.py", line 568, in send_from_directory
    raise NotFound()
werkzeug.exceptions.NotFound: 404 Not Found: The requested URL was not found on the server. If you entered the URL manually please check your spelling and try again.

--- ERROR AT 2026-05-26 22:20:34.575126 ---
Traceback (most recent call last):
  File "C:\Users\monck\AppData\Local\Python\pythoncore-3.14-64\Lib\site-packages\flask\app.py", line 917, in full_dispatch_request
    rv = self.dispatch_request()
  File "C:\Users\monck\AppData\Local\Python\pythoncore-3.14-64\Lib\site-packages\flask\app.py", line 902, in dispatch_request
    return self.ensure_sync(self.view_functions[rule.endpoint])(**view_args)  # type: ignore[no-any-return]
           ~~~~~~~~~~~~~~~~~~~~~~~~~~~~~~~~~~~~~~~~~~~~~~~~~~~~^^^^^^^^^^^^^
  File "C:\03.Webapplication\app.py", line 1363, in download_file
    return send_from_directory(app.config['UPLOAD_FOLDER'], filename)
  File "C:\Users\monck\AppData\Local\Python\pythoncore-3.14-64\Lib\site-packages\flask\helpers.py", line 572, in send_from_directory
    return werkzeug.utils.send_from_directory(  # type: ignore[return-value]
           ~~~~~~~~~~~~~~~~~~~~~~~~~~~~~~~~~~^^^^^^^^^^^^^^^^^^^^^^^^^^^^^^^
        directory, path, **_prepare_send_file_kwargs(**kwargs)
        ^^^^^^^^^^^^^^^^^^^^^^^^^^^^^^^^^^^^^^^^^^^^^^^^^^^^^^
    )
    ^
  File "C:\Users\monck\AppData\Local\Python\pythoncore-3.14-64\Lib\site-packages\werkzeug\utils.py", line 568, in send_from_directory
    raise NotFound()
werkzeug.exceptions.NotFound: 404 Not Found: The requested URL was not found on the server. If you entered the URL manually please check your spelling and try again.

--- ERROR AT 2026-05-26 22:20:34.885919 ---
Traceback (most recent call last):
  File "C:\Users\monck\AppData\Local\Python\pythoncore-3.14-64\Lib\site-packages\flask\app.py", line 917, in full_dispatch_request
    rv = self.dispatch_request()
  File "C:\Users\monck\AppData\Local\Python\pythoncore-3.14-64\Lib\site-packages\flask\app.py", line 891, in dispatch_request
    self.raise_routing_exception(req)
    ~~~~~~~~~~~~~~~~~~~~~~~~~~~~^^^^^
  File "C:\Users\monck\AppData\Local\Python\pythoncore-3.14-64\Lib\site-packages\flask\app.py", line 500, in raise_routing_exception
    raise request.routing_exception  # type: ignore[misc]
    ^^^^^^^^^^^^^^^^^^^^^^^^^^^^^^^
  File "C:\Users\monck\AppData\Local\Python\pythoncore-3.14-64\Lib\site-packages\flask\ctx.py", line 362, in match_request
    result = self.url_adapter.match(return_rule=True)  # type: ignore
  File "C:\Users\monck\AppData\Local\Python\pythoncore-3.14-64\Lib\site-packages\werkzeug\routing\map.py", line 629, in match
    raise NotFound() from None
werkzeug.exceptions.NotFound: 404 Not Found: The requested URL was not found on the server. If you entered the URL manually please check your spelling and try again.

--- ERROR AT 2026-05-26 22:20:37.899414 ---
Traceback (most recent call last):
  File "C:\Users\monck\AppData\Local\Python\pythoncore-3.14-64\Lib\site-packages\flask\app.py", line 917, in full_dispatch_request
    rv = self.dispatch_request()
  File "C:\Users\monck\AppData\Local\Python\pythoncore-3.14-64\Lib\site-packages\flask\app.py", line 891, in dispatch_request
    self.raise_routing_exception(req)
    ~~~~~~~~~~~~~~~~~~~~~~~~~~~~^^^^^
  File "C:\Users\monck\AppData\Local\Python\pythoncore-3.14-64\Lib\site-packages\flask\app.py", line 500, in raise_routing_exception
    raise request.routing_exception  # type: ignore[misc]
    ^^^^^^^^^^^^^^^^^^^^^^^^^^^^^^^
  File "C:\Users\monck\AppData\Local\Python\pythoncore-3.14-64\Lib\site-packages\flask\ctx.py", line 362, in match_request
    result = self.url_adapter.match(return_rule=True)  # type: ignore
  File "C:\Users\monck\AppData\Local\Python\pythoncore-3.14-64\Lib\site-packages\werkzeug\routing\map.py", line 629, in match
    raise NotFound() from None
werkzeug.exceptions.NotFound: 404 Not Found: The requested URL was not found on the server. If you entered the URL manually please check your spelling and try again.

--- ERROR AT 2026-05-26 22:20:42.959221 ---
Traceback (most recent call last):
  File "C:\Users\monck\AppData\Local\Python\pythoncore-3.14-64\Lib\site-packages\flask\app.py", line 917, in full_dispatch_request
    rv = self.dispatch_request()
  File "C:\Users\monck\AppData\Local\Python\pythoncore-3.14-64\Lib\site-packages\flask\app.py", line 891, in dispatch_request
    self.raise_routing_exception(req)
    ~~~~~~~~~~~~~~~~~~~~~~~~~~~~^^^^^
  File "C:\Users\monck\AppData\Local\Python\pythoncore-3.14-64\Lib\site-packages\flask\app.py", line 500, in raise_routing_exception
    raise request.routing_exception  # type: ignore[misc]
    ^^^^^^^^^^^^^^^^^^^^^^^^^^^^^^^
  File "C:\Users\monck\AppData\Local\Python\pythoncore-3.14-64\Lib\site-packages\flask\ctx.py", line 362, in match_request
    result = self.url_adapter.match(return_rule=True)  # type: ignore
  File "C:\Users\monck\AppData\Local\Python\pythoncore-3.14-64\Lib\site-packages\werkzeug\routing\map.py", line 629, in match
    raise NotFound() from None
werkzeug.exceptions.NotFound: 404 Not Found: The requested URL was not found on the server. If you entered the URL manually please check your spelling and try again.

--- ERROR AT 2026-05-26 22:20:50.193403 ---
Traceback (most recent call last):
  File "C:\Users\monck\AppData\Local\Python\pythoncore-3.14-64\Lib\site-packages\flask\app.py", line 917, in full_dispatch_request
    rv = self.dispatch_request()
  File "C:\Users\monck\AppData\Local\Python\pythoncore-3.14-64\Lib\site-packages\flask\app.py", line 902, in dispatch_request
    return self.ensure_sync(self.view_functions[rule.endpoint])(**view_args)  # type: ignore[no-any-return]
           ~~~~~~~~~~~~~~~~~~~~~~~~~~~~~~~~~~~~~~~~~~~~~~~~~~~~^^^^^^^^^^^^^
  File "C:\03.Webapplication\app.py", line 1363, in download_file
    return send_from_directory(app.config['UPLOAD_FOLDER'], filename)
  File "C:\Users\monck\AppData\Local\Python\pythoncore-3.14-64\Lib\site-packages\flask\helpers.py", line 572, in send_from_directory
    return werkzeug.utils.send_from_directory(  # type: ignore[return-value]
           ~~~~~~~~~~~~~~~~~~~~~~~~~~~~~~~~~~^^^^^^^^^^^^^^^^^^^^^^^^^^^^^^^
        directory, path, **_prepare_send_file_kwargs(**kwargs)
        ^^^^^^^^^^^^^^^^^^^^^^^^^^^^^^^^^^^^^^^^^^^^^^^^^^^^^^
    )
    ^
  File "C:\Users\monck\AppData\Local\Python\pythoncore-3.14-64\Lib\site-packages\werkzeug\utils.py", line 568, in send_from_directory
    raise NotFound()
werkzeug.exceptions.NotFound: 404 Not Found: The requested URL was not found on the server. If you entered the URL manually please check your spelling and try again.

--- ERROR AT 2026-05-26 22:20:50.235856 ---
Traceback (most recent call last):
  File "C:\Users\monck\AppData\Local\Python\pythoncore-3.14-64\Lib\site-packages\flask\app.py", line 917, in full_dispatch_request
    rv = self.dispatch_request()
  File "C:\Users\monck\AppData\Local\Python\pythoncore-3.14-64\Lib\site-packages\flask\app.py", line 902, in dispatch_request
    return self.ensure_sync(self.view_functions[rule.endpoint])(**view_args)  # type: ignore[no-any-return]
           ~~~~~~~~~~~~~~~~~~~~~~~~~~~~~~~~~~~~~~~~~~~~~~~~~~~~^^^^^^^^^^^^^
  File "C:\03.Webapplication\app.py", line 1363, in download_file
    return send_from_directory(app.config['UPLOAD_FOLDER'], filename)
  File "C:\Users\monck\AppData\Local\Python\pythoncore-3.14-64\Lib\site-packages\flask\helpers.py", line 572, in send_from_directory
    return werkzeug.utils.send_from_directory(  # type: ignore[return-value]
           ~~~~~~~~~~~~~~~~~~~~~~~~~~~~~~~~~~^^^^^^^^^^^^^^^^^^^^^^^^^^^^^^^
        directory, path, **_prepare_send_file_kwargs(**kwargs)
        ^^^^^^^^^^^^^^^^^^^^^^^^^^^^^^^^^^^^^^^^^^^^^^^^^^^^^^
    )
    ^
  File "C:\Users\monck\AppData\Local\Python\pythoncore-3.14-64\Lib\site-packages\werkzeug\utils.py", line 568, in send_from_directory
    raise NotFound()
werkzeug.exceptions.NotFound: 404 Not Found: The requested URL was not found on the server. If you entered the URL manually please check your spelling and try again.

--- ERROR AT 2026-05-26 22:20:50.548110 ---
Traceback (most recent call last):
  File "C:\Users\monck\AppData\Local\Python\pythoncore-3.14-64\Lib\site-packages\flask\app.py", line 917, in full_dispatch_request
    rv = self.dispatch_request()
  File "C:\Users\monck\AppData\Local\Python\pythoncore-3.14-64\Lib\site-packages\flask\app.py", line 891, in dispatch_request
    self.raise_routing_exception(req)
    ~~~~~~~~~~~~~~~~~~~~~~~~~~~~^^^^^
  File "C:\Users\monck\AppData\Local\Python\pythoncore-3.14-64\Lib\site-packages\flask\app.py", line 500, in raise_routing_exception
    raise request.routing_exception  # type: ignore[misc]
    ^^^^^^^^^^^^^^^^^^^^^^^^^^^^^^^
  File "C:\Users\monck\AppData\Local\Python\pythoncore-3.14-64\Lib\site-packages\flask\ctx.py", line 362, in match_request
    result = self.url_adapter.match(return_rule=True)  # type: ignore
  File "C:\Users\monck\AppData\Local\Python\pythoncore-3.14-64\Lib\site-packages\werkzeug\routing\map.py", line 629, in match
    raise NotFound() from None
werkzeug.exceptions.NotFound: 404 Not Found: The requested URL was not found on the server. If you entered the URL manually please check your spelling and try again.

--- ERROR AT 2026-05-26 22:21:06.807047 ---
Traceback (most recent call last):
  File "C:\Users\monck\AppData\Local\Python\pythoncore-3.14-64\Lib\site-packages\flask\app.py", line 917, in full_dispatch_request
    rv = self.dispatch_request()
  File "C:\Users\monck\AppData\Local\Python\pythoncore-3.14-64\Lib\site-packages\flask\app.py", line 902, in dispatch_request
    return self.ensure_sync(self.view_functions[rule.endpoint])(**view_args)  # type: ignore[no-any-return]
           ~~~~~~~~~~~~~~~~~~~~~~~~~~~~~~~~~~~~~~~~~~~~~~~~~~~~^^^^^^^^^^^^^
  File "C:\03.Webapplication\app.py", line 1363, in download_file
    return send_from_directory(app.config['UPLOAD_FOLDER'], filename)
  File "C:\Users\monck\AppData\Local\Python\pythoncore-3.14-64\Lib\site-packages\flask\helpers.py", line 572, in send_from_directory
    return werkzeug.utils.send_from_directory(  # type: ignore[return-value]
           ~~~~~~~~~~~~~~~~~~~~~~~~~~~~~~~~~~^^^^^^^^^^^^^^^^^^^^^^^^^^^^^^^
        directory, path, **_prepare_send_file_kwargs(**kwargs)
        ^^^^^^^^^^^^^^^^^^^^^^^^^^^^^^^^^^^^^^^^^^^^^^^^^^^^^^
    )
    ^
  File "C:\Users\monck\AppData\Local\Python\pythoncore-3.14-64\Lib\site-packages\werkzeug\utils.py", line 568, in send_from_directory
    raise NotFound()
werkzeug.exceptions.NotFound: 404 Not Found: The requested URL was not found on the server. If you entered the URL manually please check your spelling and try again.

--- ERROR AT 2026-05-26 22:21:06.806152 ---
Traceback (most recent call last):
  File "C:\Users\monck\AppData\Local\Python\pythoncore-3.14-64\Lib\site-packages\flask\app.py", line 917, in full_dispatch_request
    rv = self.dispatch_request()
  File "C:\Users\monck\AppData\Local\Python\pythoncore-3.14-64\Lib\site-packages\flask\app.py", line 902, in dispatch_request
    return self.ensure_sync(self.view_functions[rule.endpoint])(**view_args)  # type: ignore[no-any-return]
           ~~~~~~~~~~~~~~~~~~~~~~~~~~~~~~~~~~~~~~~~~~~~~~~~~~~~^^^^^^^^^^^^^
  File "C:\03.Webapplication\app.py", line 1363, in download_file
    return send_from_directory(app.config['UPLOAD_FOLDER'], filename)
  File "C:\Users\monck\AppData\Local\Python\pythoncore-3.14-64\Lib\site-packages\flask\helpers.py", line 572, in send_from_directory
    return werkzeug.utils.send_from_directory(  # type: ignore[return-value]
           ~~~~~~~~~~~~~~~~~~~~~~~~~~~~~~~~~~^^^^^^^^^^^^^^^^^^^^^^^^^^^^^^^
        directory, path, **_prepare_send_file_kwargs(**kwargs)
        ^^^^^^^^^^^^^^^^^^^^^^^^^^^^^^^^^^^^^^^^^^^^^^^^^^^^^^
    )
    ^
  File "C:\Users\monck\AppData\Local\Python\pythoncore-3.14-64\Lib\site-packages\werkzeug\utils.py", line 568, in send_from_directory
    raise NotFound()
werkzeug.exceptions.NotFound: 404 Not Found: The requested URL was not found on the server. If you entered the URL manually please check your spelling and try again.

--- ERROR AT 2026-05-26 22:21:06.806475 ---
Traceback (most recent call last):
  File "C:\Users\monck\AppData\Local\Python\pythoncore-3.14-64\Lib\site-packages\flask\app.py", line 917, in full_dispatch_request
    rv = self.dispatch_request()
  File "C:\Users\monck\AppData\Local\Python\pythoncore-3.14-64\Lib\site-packages\flask\app.py", line 902, in dispatch_request
    return self.ensure_sync(self.view_functions[rule.endpoint])(**view_args)  # type: ignore[no-any-return]
           ~~~~~~~~~~~~~~~~~~~~~~~~~~~~~~~~~~~~~~~~~~~~~~~~~~~~^^^^^^^^^^^^^
  File "C:\03.Webapplication\app.py", line 1363, in download_file
    return send_from_directory(app.config['UPLOAD_FOLDER'], filename)
  File "C:\Users\monck\AppData\Local\Python\pythoncore-3.14-64\Lib\site-packages\flask\helpers.py", line 572, in send_from_directory
    return werkzeug.utils.send_from_directory(  # type: ignore[return-value]
           ~~~~~~~~~~~~~~~~~~~~~~~~~~~~~~~~~~^^^^^^^^^^^^^^^^^^^^^^^^^^^^^^^
        directory, path, **_prepare_send_file_kwargs(**kwargs)
        ^^^^^^^^^^^^^^^^^^^^^^^^^^^^^^^^^^^^^^^^^^^^^^^^^^^^^^
    )
    ^
  File "C:\Users\monck\AppData\Local\Python\pythoncore-3.14-64\Lib\site-packages\werkzeug\utils.py", line 568, in send_from_directory
    raise NotFound()
werkzeug.exceptions.NotFound: 404 Not Found: The requested URL was not found on the server. If you entered the URL manually please check your spelling and try again.

--- ERROR AT 2026-05-26 22:21:06.821614 ---
Traceback (most recent call last):
  File "C:\Users\monck\AppData\Local\Python\pythoncore-3.14-64\Lib\site-packages\flask\app.py", line 917, in full_dispatch_request
    rv = self.dispatch_request()
  File "C:\Users\monck\AppData\Local\Python\pythoncore-3.14-64\Lib\site-packages\flask\app.py", line 891, in dispatch_request
    self.raise_routing_exception(req)
    ~~~~~~~~~~~~~~~~~~~~~~~~~~~~^^^^^
  File "C:\Users\monck\AppData\Local\Python\pythoncore-3.14-64\Lib\site-packages\flask\app.py", line 500, in raise_routing_exception
    raise request.routing_exception  # type: ignore[misc]
    ^^^^^^^^^^^^^^^^^^^^^^^^^^^^^^^
  File "C:\Users\monck\AppData\Local\Python\pythoncore-3.14-64\Lib\site-packages\flask\ctx.py", line 362, in match_request
    result = self.url_adapter.match(return_rule=True)  # type: ignore
  File "C:\Users\monck\AppData\Local\Python\pythoncore-3.14-64\Lib\site-packages\werkzeug\routing\map.py", line 629, in match
    raise NotFound() from None
werkzeug.exceptions.NotFound: 404 Not Found: The requested URL was not found on the server. If you entered the URL manually please check your spelling and try again.

--- ERROR AT 2026-05-26 22:21:08.538143 ---
Traceback (most recent call last):
  File "C:\Users\monck\AppData\Local\Python\pythoncore-3.14-64\Lib\site-packages\flask\app.py", line 917, in full_dispatch_request
    rv = self.dispatch_request()
  File "C:\Users\monck\AppData\Local\Python\pythoncore-3.14-64\Lib\site-packages\flask\app.py", line 902, in dispatch_request
    return self.ensure_sync(self.view_functions[rule.endpoint])(**view_args)  # type: ignore[no-any-return]
           ~~~~~~~~~~~~~~~~~~~~~~~~~~~~~~~~~~~~~~~~~~~~~~~~~~~~^^^^^^^^^^^^^
  File "C:\03.Webapplication\app.py", line 1363, in download_file
    return send_from_directory(app.config['UPLOAD_FOLDER'], filename)
  File "C:\Users\monck\AppData\Local\Python\pythoncore-3.14-64\Lib\site-packages\flask\helpers.py", line 572, in send_from_directory
    return werkzeug.utils.send_from_directory(  # type: ignore[return-value]
           ~~~~~~~~~~~~~~~~~~~~~~~~~~~~~~~~~~^^^^^^^^^^^^^^^^^^^^^^^^^^^^^^^
        directory, path, **_prepare_send_file_kwargs(**kwargs)
        ^^^^^^^^^^^^^^^^^^^^^^^^^^^^^^^^^^^^^^^^^^^^^^^^^^^^^^
    )
    ^
  File "C:\Users\monck\AppData\Local\Python\pythoncore-3.14-64\Lib\site-packages\werkzeug\utils.py", line 568, in send_from_directory
    raise NotFound()
werkzeug.exceptions.NotFound: 404 Not Found: The requested URL was not found on the server. If you entered the URL manually please check your spelling and try again.

--- ERROR AT 2026-05-26 22:21:08.538306 ---
Traceback (most recent call last):
  File "C:\Users\monck\AppData\Local\Python\pythoncore-3.14-64\Lib\site-packages\flask\app.py", line 917, in full_dispatch_request
    rv = self.dispatch_request()
  File "C:\Users\monck\AppData\Local\Python\pythoncore-3.14-64\Lib\site-packages\flask\app.py", line 902, in dispatch_request
    return self.ensure_sync(self.view_functions[rule.endpoint])(**view_args)  # type: ignore[no-any-return]
           ~~~~~~~~~~~~~~~~~~~~~~~~~~~~~~~~~~~~~~~~~~~~~~~~~~~~^^^^^^^^^^^^^
  File "C:\03.Webapplication\app.py", line 1363, in download_file
    return send_from_directory(app.config['UPLOAD_FOLDER'], filename)
  File "C:\Users\monck\AppData\Local\Python\pythoncore-3.14-64\Lib\site-packages\flask\helpers.py", line 572, in send_from_directory
    return werkzeug.utils.send_from_directory(  # type: ignore[return-value]
           ~~~~~~~~~~~~~~~~~~~~~~~~~~~~~~~~~~^^^^^^^^^^^^^^^^^^^^^^^^^^^^^^^
        directory, path, **_prepare_send_file_kwargs(**kwargs)
        ^^^^^^^^^^^^^^^^^^^^^^^^^^^^^^^^^^^^^^^^^^^^^^^^^^^^^^
    )
    ^
  File "C:\Users\monck\AppData\Local\Python\pythoncore-3.14-64\Lib\site-packages\werkzeug\utils.py", line 568, in send_from_directory
    raise NotFound()
werkzeug.exceptions.NotFound: 404 Not Found: The requested URL was not found on the server. If you entered the URL manually please check your spelling and try again.

--- ERROR AT 2026-05-26 22:21:08.542940 ---
Traceback (most recent call last):
  File "C:\Users\monck\AppData\Local\Python\pythoncore-3.14-64\Lib\site-packages\flask\app.py", line 917, in full_dispatch_request
    rv = self.dispatch_request()
  File "C:\Users\monck\AppData\Local\Python\pythoncore-3.14-64\Lib\site-packages\flask\app.py", line 902, in dispatch_request
    return self.ensure_sync(self.view_functions[rule.endpoint])(**view_args)  # type: ignore[no-any-return]
           ~~~~~~~~~~~~~~~~~~~~~~~~~~~~~~~~~~~~~~~~~~~~~~~~~~~~^^^^^^^^^^^^^
  File "C:\03.Webapplication\app.py", line 1363, in download_file
    return send_from_directory(app.config['UPLOAD_FOLDER'], filename)
  File "C:\Users\monck\AppData\Local\Python\pythoncore-3.14-64\Lib\site-packages\flask\helpers.py", line 572, in send_from_directory
    return werkzeug.utils.send_from_directory(  # type: ignore[return-value]
           ~~~~~~~~~~~~~~~~~~~~~~~~~~~~~~~~~~^^^^^^^^^^^^^^^^^^^^^^^^^^^^^^^
        directory, path, **_prepare_send_file_kwargs(**kwargs)
        ^^^^^^^^^^^^^^^^^^^^^^^^^^^^^^^^^^^^^^^^^^^^^^^^^^^^^^
    )
    ^
  File "C:\Users\monck\AppData\Local\Python\pythoncore-3.14-64\Lib\site-packages\werkzeug\utils.py", line 568, in send_from_directory
    raise NotFound()
werkzeug.exceptions.NotFound: 404 Not Found: The requested URL was not found on the server. If you entered the URL manually please check your spelling and try again.

--- ERROR AT 2026-05-26 22:21:08.864179 ---
Traceback (most recent call last):
  File "C:\Users\monck\AppData\Local\Python\pythoncore-3.14-64\Lib\site-packages\flask\app.py", line 917, in full_dispatch_request
    rv = self.dispatch_request()
  File "C:\Users\monck\AppData\Local\Python\pythoncore-3.14-64\Lib\site-packages\flask\app.py", line 891, in dispatch_request
    self.raise_routing_exception(req)
    ~~~~~~~~~~~~~~~~~~~~~~~~~~~~^^^^^
  File "C:\Users\monck\AppData\Local\Python\pythoncore-3.14-64\Lib\site-packages\flask\app.py", line 500, in raise_routing_exception
    raise request.routing_exception  # type: ignore[misc]
    ^^^^^^^^^^^^^^^^^^^^^^^^^^^^^^^
  File "C:\Users\monck\AppData\Local\Python\pythoncore-3.14-64\Lib\site-packages\flask\ctx.py", line 362, in match_request
    result = self.url_adapter.match(return_rule=True)  # type: ignore
  File "C:\Users\monck\AppData\Local\Python\pythoncore-3.14-64\Lib\site-packages\werkzeug\routing\map.py", line 629, in match
    raise NotFound() from None
werkzeug.exceptions.NotFound: 404 Not Found: The requested URL was not found on the server. If you entered the URL manually please check your spelling and try again.

--- ERROR AT 2026-05-26 22:21:13.320935 ---
Traceback (most recent call last):
  File "C:\Users\monck\AppData\Local\Python\pythoncore-3.14-64\Lib\site-packages\flask\app.py", line 917, in full_dispatch_request
    rv = self.dispatch_request()
  File "C:\Users\monck\AppData\Local\Python\pythoncore-3.14-64\Lib\site-packages\flask\app.py", line 891, in dispatch_request
    self.raise_routing_exception(req)
    ~~~~~~~~~~~~~~~~~~~~~~~~~~~~^^^^^
  File "C:\Users\monck\AppData\Local\Python\pythoncore-3.14-64\Lib\site-packages\flask\app.py", line 500, in raise_routing_exception
    raise request.routing_exception  # type: ignore[misc]
    ^^^^^^^^^^^^^^^^^^^^^^^^^^^^^^^
  File "C:\Users\monck\AppData\Local\Python\pythoncore-3.14-64\Lib\site-packages\flask\ctx.py", line 362, in match_request
    result = self.url_adapter.match(return_rule=True)  # type: ignore
  File "C:\Users\monck\AppData\Local\Python\pythoncore-3.14-64\Lib\site-packages\werkzeug\routing\map.py", line 629, in match
    raise NotFound() from None
werkzeug.exceptions.NotFound: 404 Not Found: The requested URL was not found on the server. If you entered the URL manually please check your spelling and try again.

--- ERROR AT 2026-05-26 22:21:16.786308 ---
Traceback (most recent call last):
  File "C:\Users\monck\AppData\Local\Python\pythoncore-3.14-64\Lib\site-packages\flask\app.py", line 917, in full_dispatch_request
    rv = self.dispatch_request()
  File "C:\Users\monck\AppData\Local\Python\pythoncore-3.14-64\Lib\site-packages\flask\app.py", line 902, in dispatch_request
    return self.ensure_sync(self.view_functions[rule.endpoint])(**view_args)  # type: ignore[no-any-return]
           ~~~~~~~~~~~~~~~~~~~~~~~~~~~~~~~~~~~~~~~~~~~~~~~~~~~~^^^^^^^^^^^^^
  File "C:\03.Webapplication\app.py", line 1363, in download_file
    return send_from_directory(app.config['UPLOAD_FOLDER'], filename)
  File "C:\Users\monck\AppData\Local\Python\pythoncore-3.14-64\Lib\site-packages\flask\helpers.py", line 572, in send_from_directory
    return werkzeug.utils.send_from_directory(  # type: ignore[return-value]
           ~~~~~~~~~~~~~~~~~~~~~~~~~~~~~~~~~~^^^^^^^^^^^^^^^^^^^^^^^^^^^^^^^
        directory, path, **_prepare_send_file_kwargs(**kwargs)
        ^^^^^^^^^^^^^^^^^^^^^^^^^^^^^^^^^^^^^^^^^^^^^^^^^^^^^^
    )
    ^
  File "C:\Users\monck\AppData\Local\Python\pythoncore-3.14-64\Lib\site-packages\werkzeug\utils.py", line 568, in send_from_directory
    raise NotFound()
werkzeug.exceptions.NotFound: 404 Not Found: The requested URL was not found on the server. If you entered the URL manually please check your spelling and try again.

--- ERROR AT 2026-05-26 22:21:16.845626 ---
Traceback (most recent call last):
  File "C:\Users\monck\AppData\Local\Python\pythoncore-3.14-64\Lib\site-packages\flask\app.py", line 917, in full_dispatch_request
    rv = self.dispatch_request()
  File "C:\Users\monck\AppData\Local\Python\pythoncore-3.14-64\Lib\site-packages\flask\app.py", line 902, in dispatch_request
    return self.ensure_sync(self.view_functions[rule.endpoint])(**view_args)  # type: ignore[no-any-return]
           ~~~~~~~~~~~~~~~~~~~~~~~~~~~~~~~~~~~~~~~~~~~~~~~~~~~~^^^^^^^^^^^^^
  File "C:\03.Webapplication\app.py", line 1363, in download_file
    return send_from_directory(app.config['UPLOAD_FOLDER'], filename)
  File "C:\Users\monck\AppData\Local\Python\pythoncore-3.14-64\Lib\site-packages\flask\helpers.py", line 572, in send_from_directory
    return werkzeug.utils.send_from_directory(  # type: ignore[return-value]
           ~~~~~~~~~~~~~~~~~~~~~~~~~~~~~~~~~~^^^^^^^^^^^^^^^^^^^^^^^^^^^^^^^
        directory, path, **_prepare_send_file_kwargs(**kwargs)
        ^^^^^^^^^^^^^^^^^^^^^^^^^^^^^^^^^^^^^^^^^^^^^^^^^^^^^^
    )
    ^
  File "C:\Users\monck\AppData\Local\Python\pythoncore-3.14-64\Lib\site-packages\werkzeug\utils.py", line 568, in send_from_directory
    raise NotFound()
werkzeug.exceptions.NotFound: 404 Not Found: The requested URL was not found on the server. If you entered the URL manually please check your spelling and try again.

--- ERROR AT 2026-05-26 22:21:16.845753 ---
Traceback (most recent call last):
  File "C:\Users\monck\AppData\Local\Python\pythoncore-3.14-64\Lib\site-packages\flask\app.py", line 917, in full_dispatch_request
    rv = self.dispatch_request()
  File "C:\Users\monck\AppData\Local\Python\pythoncore-3.14-64\Lib\site-packages\flask\app.py", line 902, in dispatch_request
    return self.ensure_sync(self.view_functions[rule.endpoint])(**view_args)  # type: ignore[no-any-return]
           ~~~~~~~~~~~~~~~~~~~~~~~~~~~~~~~~~~~~~~~~~~~~~~~~~~~~^^^^^^^^^^^^^
  File "C:\03.Webapplication\app.py", line 1363, in download_file
    return send_from_directory(app.config['UPLOAD_FOLDER'], filename)
  File "C:\Users\monck\AppData\Local\Python\pythoncore-3.14-64\Lib\site-packages\flask\helpers.py", line 572, in send_from_directory
    return werkzeug.utils.send_from_directory(  # type: ignore[return-value]
           ~~~~~~~~~~~~~~~~~~~~~~~~~~~~~~~~~~^^^^^^^^^^^^^^^^^^^^^^^^^^^^^^^
        directory, path, **_prepare_send_file_kwargs(**kwargs)
        ^^^^^^^^^^^^^^^^^^^^^^^^^^^^^^^^^^^^^^^^^^^^^^^^^^^^^^
    )
    ^
  File "C:\Users\monck\AppData\Local\Python\pythoncore-3.14-64\Lib\site-packages\werkzeug\utils.py", line 568, in send_from_directory
    raise NotFound()
werkzeug.exceptions.NotFound: 404 Not Found: The requested URL was not found on the server. If you entered the URL manually please check your spelling and try again.

--- ERROR AT 2026-05-26 22:21:17.158529 ---
Traceback (most recent call last):
  File "C:\Users\monck\AppData\Local\Python\pythoncore-3.14-64\Lib\site-packages\flask\app.py", line 917, in full_dispatch_request
    rv = self.dispatch_request()
  File "C:\Users\monck\AppData\Local\Python\pythoncore-3.14-64\Lib\site-packages\flask\app.py", line 891, in dispatch_request
    self.raise_routing_exception(req)
    ~~~~~~~~~~~~~~~~~~~~~~~~~~~~^^^^^
  File "C:\Users\monck\AppData\Local\Python\pythoncore-3.14-64\Lib\site-packages\flask\app.py", line 500, in raise_routing_exception
    raise request.routing_exception  # type: ignore[misc]
    ^^^^^^^^^^^^^^^^^^^^^^^^^^^^^^^
  File "C:\Users\monck\AppData\Local\Python\pythoncore-3.14-64\Lib\site-packages\flask\ctx.py", line 362, in match_request
    result = self.url_adapter.match(return_rule=True)  # type: ignore
  File "C:\Users\monck\AppData\Local\Python\pythoncore-3.14-64\Lib\site-packages\werkzeug\routing\map.py", line 629, in match
    raise NotFound() from None
werkzeug.exceptions.NotFound: 404 Not Found: The requested URL was not found on the server. If you entered the URL manually please check your spelling and try again.

--- ERROR AT 2026-05-26 22:22:04.229117 ---
Traceback (most recent call last):
  File "C:\Users\monck\AppData\Local\Python\pythoncore-3.14-64\Lib\site-packages\flask\app.py", line 917, in full_dispatch_request
    rv = self.dispatch_request()
  File "C:\Users\monck\AppData\Local\Python\pythoncore-3.14-64\Lib\site-packages\flask\app.py", line 902, in dispatch_request
    return self.ensure_sync(self.view_functions[rule.endpoint])(**view_args)  # type: ignore[no-any-return]
           ~~~~~~~~~~~~~~~~~~~~~~~~~~~~~~~~~~~~~~~~~~~~~~~~~~~~^^^^^^^^^^^^^
  File "C:\03.Webapplication\app.py", line 1363, in download_file
    return send_from_directory(app.config['UPLOAD_FOLDER'], filename)
  File "C:\Users\monck\AppData\Local\Python\pythoncore-3.14-64\Lib\site-packages\flask\helpers.py", line 572, in send_from_directory
    return werkzeug.utils.send_from_directory(  # type: ignore[return-value]
           ~~~~~~~~~~~~~~~~~~~~~~~~~~~~~~~~~~^^^^^^^^^^^^^^^^^^^^^^^^^^^^^^^
        directory, path, **_prepare_send_file_kwargs(**kwargs)
        ^^^^^^^^^^^^^^^^^^^^^^^^^^^^^^^^^^^^^^^^^^^^^^^^^^^^^^
    )
    ^
  File "C:\Users\monck\AppData\Local\Python\pythoncore-3.14-64\Lib\site-packages\werkzeug\utils.py", line 568, in send_from_directory
    raise NotFound()
werkzeug.exceptions.NotFound: 404 Not Found: The requested URL was not found on the server. If you entered the URL manually please check your spelling and try again.

--- ERROR AT 2026-05-26 22:22:04.228987 ---
Traceback (most recent call last):
  File "C:\Users\monck\AppData\Local\Python\pythoncore-3.14-64\Lib\site-packages\flask\app.py", line 917, in full_dispatch_request
    rv = self.dispatch_request()
  File "C:\Users\monck\AppData\Local\Python\pythoncore-3.14-64\Lib\site-packages\flask\app.py", line 902, in dispatch_request
    return self.ensure_sync(self.view_functions[rule.endpoint])(**view_args)  # type: ignore[no-any-return]
           ~~~~~~~~~~~~~~~~~~~~~~~~~~~~~~~~~~~~~~~~~~~~~~~~~~~~^^^^^^^^^^^^^
  File "C:\03.Webapplication\app.py", line 1363, in download_file
    return send_from_directory(app.config['UPLOAD_FOLDER'], filename)
  File "C:\Users\monck\AppData\Local\Python\pythoncore-3.14-64\Lib\site-packages\flask\helpers.py", line 572, in send_from_directory
    return werkzeug.utils.send_from_directory(  # type: ignore[return-value]
           ~~~~~~~~~~~~~~~~~~~~~~~~~~~~~~~~~~^^^^^^^^^^^^^^^^^^^^^^^^^^^^^^^
        directory, path, **_prepare_send_file_kwargs(**kwargs)
        ^^^^^^^^^^^^^^^^^^^^^^^^^^^^^^^^^^^^^^^^^^^^^^^^^^^^^^
    )
    ^
  File "C:\Users\monck\AppData\Local\Python\pythoncore-3.14-64\Lib\site-packages\werkzeug\utils.py", line 568, in send_from_directory
    raise NotFound()
werkzeug.exceptions.NotFound: 404 Not Found: The requested URL was not found on the server. If you entered the URL manually please check your spelling and try again.

--- ERROR AT 2026-05-26 22:22:04.231462 ---
Traceback (most recent call last):
  File "C:\Users\monck\AppData\Local\Python\pythoncore-3.14-64\Lib\site-packages\flask\app.py", line 917, in full_dispatch_request
    rv = self.dispatch_request()
  File "C:\Users\monck\AppData\Local\Python\pythoncore-3.14-64\Lib\site-packages\flask\app.py", line 902, in dispatch_request
    return self.ensure_sync(self.view_functions[rule.endpoint])(**view_args)  # type: ignore[no-any-return]
           ~~~~~~~~~~~~~~~~~~~~~~~~~~~~~~~~~~~~~~~~~~~~~~~~~~~~^^^^^^^^^^^^^
  File "C:\03.Webapplication\app.py", line 1363, in download_file
    return send_from_directory(app.config['UPLOAD_FOLDER'], filename)
  File "C:\Users\monck\AppData\Local\Python\pythoncore-3.14-64\Lib\site-packages\flask\helpers.py", line 572, in send_from_directory
    return werkzeug.utils.send_from_directory(  # type: ignore[return-value]
           ~~~~~~~~~~~~~~~~~~~~~~~~~~~~~~~~~~^^^^^^^^^^^^^^^^^^^^^^^^^^^^^^^
        directory, path, **_prepare_send_file_kwargs(**kwargs)
        ^^^^^^^^^^^^^^^^^^^^^^^^^^^^^^^^^^^^^^^^^^^^^^^^^^^^^^
    )
    ^
  File "C:\Users\monck\AppData\Local\Python\pythoncore-3.14-64\Lib\site-packages\werkzeug\utils.py", line 568, in send_from_directory
    raise NotFound()
werkzeug.exceptions.NotFound: 404 Not Found: The requested URL was not found on the server. If you entered the URL manually please check your spelling and try again.

--- ERROR AT 2026-05-26 22:22:04.271472 ---
Traceback (most recent call last):
  File "C:\Users\monck\AppData\Local\Python\pythoncore-3.14-64\Lib\site-packages\flask\app.py", line 917, in full_dispatch_request
    rv = self.dispatch_request()
  File "C:\Users\monck\AppData\Local\Python\pythoncore-3.14-64\Lib\site-packages\flask\app.py", line 891, in dispatch_request
    self.raise_routing_exception(req)
    ~~~~~~~~~~~~~~~~~~~~~~~~~~~~^^^^^
  File "C:\Users\monck\AppData\Local\Python\pythoncore-3.14-64\Lib\site-packages\flask\app.py", line 500, in raise_routing_exception
    raise request.routing_exception  # type: ignore[misc]
    ^^^^^^^^^^^^^^^^^^^^^^^^^^^^^^^
  File "C:\Users\monck\AppData\Local\Python\pythoncore-3.14-64\Lib\site-packages\flask\ctx.py", line 362, in match_request
    result = self.url_adapter.match(return_rule=True)  # type: ignore
  File "C:\Users\monck\AppData\Local\Python\pythoncore-3.14-64\Lib\site-packages\werkzeug\routing\map.py", line 629, in match
    raise NotFound() from None
werkzeug.exceptions.NotFound: 404 Not Found: The requested URL was not found on the server. If you entered the URL manually please check your spelling and try again.

--- ERROR AT 2026-05-26 22:22:57.308217 ---
Traceback (most recent call last):
  File "C:\Users\monck\AppData\Local\Python\pythoncore-3.14-64\Lib\site-packages\flask\app.py", line 917, in full_dispatch_request
    rv = self.dispatch_request()
  File "C:\Users\monck\AppData\Local\Python\pythoncore-3.14-64\Lib\site-packages\flask\app.py", line 902, in dispatch_request
    return self.ensure_sync(self.view_functions[rule.endpoint])(**view_args)  # type: ignore[no-any-return]
           ~~~~~~~~~~~~~~~~~~~~~~~~~~~~~~~~~~~~~~~~~~~~~~~~~~~~^^^^^^^^^^^^^
  File "C:\03.Webapplication\app.py", line 1363, in download_file
    return send_from_directory(app.config['UPLOAD_FOLDER'], filename)
  File "C:\Users\monck\AppData\Local\Python\pythoncore-3.14-64\Lib\site-packages\flask\helpers.py", line 572, in send_from_directory
    return werkzeug.utils.send_from_directory(  # type: ignore[return-value]
           ~~~~~~~~~~~~~~~~~~~~~~~~~~~~~~~~~~^^^^^^^^^^^^^^^^^^^^^^^^^^^^^^^
        directory, path, **_prepare_send_file_kwargs(**kwargs)
        ^^^^^^^^^^^^^^^^^^^^^^^^^^^^^^^^^^^^^^^^^^^^^^^^^^^^^^
    )
    ^
  File "C:\Users\monck\AppData\Local\Python\pythoncore-3.14-64\Lib\site-packages\werkzeug\utils.py", line 568, in send_from_directory
    raise NotFound()
werkzeug.exceptions.NotFound: 404 Not Found: The requested URL was not found on the server. If you entered the URL manually please check your spelling and try again.

--- ERROR AT 2026-05-26 22:22:57.309714 ---
Traceback (most recent call last):
  File "C:\Users\monck\AppData\Local\Python\pythoncore-3.14-64\Lib\site-packages\flask\app.py", line 917, in full_dispatch_request
    rv = self.dispatch_request()
  File "C:\Users\monck\AppData\Local\Python\pythoncore-3.14-64\Lib\site-packages\flask\app.py", line 902, in dispatch_request
    return self.ensure_sync(self.view_functions[rule.endpoint])(**view_args)  # type: ignore[no-any-return]
           ~~~~~~~~~~~~~~~~~~~~~~~~~~~~~~~~~~~~~~~~~~~~~~~~~~~~^^^^^^^^^^^^^
  File "C:\03.Webapplication\app.py", line 1363, in download_file
    return send_from_directory(app.config['UPLOAD_FOLDER'], filename)
  File "C:\Users\monck\AppData\Local\Python\pythoncore-3.14-64\Lib\site-packages\flask\helpers.py", line 572, in send_from_directory
    return werkzeug.utils.send_from_directory(  # type: ignore[return-value]
           ~~~~~~~~~~~~~~~~~~~~~~~~~~~~~~~~~~^^^^^^^^^^^^^^^^^^^^^^^^^^^^^^^
        directory, path, **_prepare_send_file_kwargs(**kwargs)
        ^^^^^^^^^^^^^^^^^^^^^^^^^^^^^^^^^^^^^^^^^^^^^^^^^^^^^^
    )
    ^
  File "C:\Users\monck\AppData\Local\Python\pythoncore-3.14-64\Lib\site-packages\werkzeug\utils.py", line 568, in send_from_directory
    raise NotFound()
werkzeug.exceptions.NotFound: 404 Not Found: The requested URL was not found on the server. If you entered the URL manually please check your spelling and try again.

--- ERROR AT 2026-05-26 22:22:57.622599 ---
Traceback (most recent call last):
  File "C:\Users\monck\AppData\Local\Python\pythoncore-3.14-64\Lib\site-packages\flask\app.py", line 917, in full_dispatch_request
    rv = self.dispatch_request()
  File "C:\Users\monck\AppData\Local\Python\pythoncore-3.14-64\Lib\site-packages\flask\app.py", line 891, in dispatch_request
    self.raise_routing_exception(req)
    ~~~~~~~~~~~~~~~~~~~~~~~~~~~~^^^^^
  File "C:\Users\monck\AppData\Local\Python\pythoncore-3.14-64\Lib\site-packages\flask\app.py", line 500, in raise_routing_exception
    raise request.routing_exception  # type: ignore[misc]
    ^^^^^^^^^^^^^^^^^^^^^^^^^^^^^^^
  File "C:\Users\monck\AppData\Local\Python\pythoncore-3.14-64\Lib\site-packages\flask\ctx.py", line 362, in match_request
    result = self.url_adapter.match(return_rule=True)  # type: ignore
  File "C:\Users\monck\AppData\Local\Python\pythoncore-3.14-64\Lib\site-packages\werkzeug\routing\map.py", line 629, in match
    raise NotFound() from None
werkzeug.exceptions.NotFound: 404 Not Found: The requested URL was not found on the server. If you entered the URL manually please check your spelling and try again.

--- ERROR AT 2026-06-02 16:54:35.763392 ---
Traceback (most recent call last):
  File "C:\Users\monck\AppData\Local\Python\pythoncore-3.14-64\Lib\site-packages\flask\app.py", line 917, in full_dispatch_request
    rv = self.dispatch_request()
  File "C:\Users\monck\AppData\Local\Python\pythoncore-3.14-64\Lib\site-packages\flask\app.py", line 902, in dispatch_request
    return self.ensure_sync(self.view_functions[rule.endpoint])(**view_args)  # type: ignore[no-any-return]
           ~~~~~~~~~~~~~~~~~~~~~~~~~~~~~~~~~~~~~~~~~~~~~~~~~~~~^^^^^^^^^^^^^
  File "C:\03.Webapplication\app.py", line 1363, in download_file
    return send_from_directory(app.config['UPLOAD_FOLDER'], filename)
  File "C:\Users\monck\AppData\Local\Python\pythoncore-3.14-64\Lib\site-packages\flask\helpers.py", line 572, in send_from_directory
    return werkzeug.utils.send_from_directory(  # type: ignore[return-value]
           ~~~~~~~~~~~~~~~~~~~~~~~~~~~~~~~~~~^^^^^^^^^^^^^^^^^^^^^^^^^^^^^^^
        directory, path, **_prepare_send_file_kwargs(**kwargs)
        ^^^^^^^^^^^^^^^^^^^^^^^^^^^^^^^^^^^^^^^^^^^^^^^^^^^^^^
    )
    ^
  File "C:\Users\monck\AppData\Local\Python\pythoncore-3.14-64\Lib\site-packages\werkzeug\utils.py", line 568, in send_from_directory
    raise NotFound()
werkzeug.exceptions.NotFound: 404 Not Found: The requested URL was not found on the server. If you entered the URL manually please check your spelling and try again.

--- ERROR AT 2026-06-02 16:54:35.888842 ---
Traceback (most recent call last):
  File "C:\Users\monck\AppData\Local\Python\pythoncore-3.14-64\Lib\site-packages\flask\app.py", line 917, in full_dispatch_request
    rv = self.dispatch_request()
  File "C:\Users\monck\AppData\Local\Python\pythoncore-3.14-64\Lib\site-packages\flask\app.py", line 902, in dispatch_request
    return self.ensure_sync(self.view_functions[rule.endpoint])(**view_args)  # type: ignore[no-any-return]
           ~~~~~~~~~~~~~~~~~~~~~~~~~~~~~~~~~~~~~~~~~~~~~~~~~~~~^^^^^^^^^^^^^
  File "C:\03.Webapplication\app.py", line 1363, in download_file
    return send_from_directory(app.config['UPLOAD_FOLDER'], filename)
  File "C:\Users\monck\AppData\Local\Python\pythoncore-3.14-64\Lib\site-packages\flask\helpers.py", line 572, in send_from_directory
    return werkzeug.utils.send_from_directory(  # type: ignore[return-value]
           ~~~~~~~~~~~~~~~~~~~~~~~~~~~~~~~~~~^^^^^^^^^^^^^^^^^^^^^^^^^^^^^^^
        directory, path, **_prepare_send_file_kwargs(**kwargs)
        ^^^^^^^^^^^^^^^^^^^^^^^^^^^^^^^^^^^^^^^^^^^^^^^^^^^^^^
    )
    ^
  File "C:\Users\monck\AppData\Local\Python\pythoncore-3.14-64\Lib\site-packages\werkzeug\utils.py", line 568, in send_from_directory
    raise NotFound()
werkzeug.exceptions.NotFound: 404 Not Found: The requested URL was not found on the server. If you entered the URL manually please check your spelling and try again.

--- ERROR AT 2026-06-02 16:54:36.209290 ---
Traceback (most recent call last):
  File "C:\Users\monck\AppData\Local\Python\pythoncore-3.14-64\Lib\site-packages\flask\app.py", line 917, in full_dispatch_request
    rv = self.dispatch_request()
  File "C:\Users\monck\AppData\Local\Python\pythoncore-3.14-64\Lib\site-packages\flask\app.py", line 891, in dispatch_request
    self.raise_routing_exception(req)
    ~~~~~~~~~~~~~~~~~~~~~~~~~~~~^^^^^
  File "C:\Users\monck\AppData\Local\Python\pythoncore-3.14-64\Lib\site-packages\flask\app.py", line 500, in raise_routing_exception
    raise request.routing_exception  # type: ignore[misc]
    ^^^^^^^^^^^^^^^^^^^^^^^^^^^^^^^
  File "C:\Users\monck\AppData\Local\Python\pythoncore-3.14-64\Lib\site-packages\flask\ctx.py", line 362, in match_request
    result = self.url_adapter.match(return_rule=True)  # type: ignore
  File "C:\Users\monck\AppData\Local\Python\pythoncore-3.14-64\Lib\site-packages\werkzeug\routing\map.py", line 629, in match
    raise NotFound() from None
werkzeug.exceptions.NotFound: 404 Not Found: The requested URL was not found on the server. If you entered the URL manually please check your spelling and try again.

--- ERROR AT 2026-06-02 16:54:42.262941 ---
Traceback (most recent call last):
  File "C:\Users\monck\AppData\Local\Python\pythoncore-3.14-64\Lib\site-packages\flask\app.py", line 917, in full_dispatch_request
    rv = self.dispatch_request()
  File "C:\Users\monck\AppData\Local\Python\pythoncore-3.14-64\Lib\site-packages\flask\app.py", line 891, in dispatch_request
    self.raise_routing_exception(req)
    ~~~~~~~~~~~~~~~~~~~~~~~~~~~~^^^^^
  File "C:\Users\monck\AppData\Local\Python\pythoncore-3.14-64\Lib\site-packages\flask\app.py", line 500, in raise_routing_exception
    raise request.routing_exception  # type: ignore[misc]
    ^^^^^^^^^^^^^^^^^^^^^^^^^^^^^^^
  File "C:\Users\monck\AppData\Local\Python\pythoncore-3.14-64\Lib\site-packages\flask\ctx.py", line 362, in match_request
    result = self.url_adapter.match(return_rule=True)  # type: ignore
  File "C:\Users\monck\AppData\Local\Python\pythoncore-3.14-64\Lib\site-packages\werkzeug\routing\map.py", line 629, in match
    raise NotFound() from None
werkzeug.exceptions.NotFound: 404 Not Found: The requested URL was not found on the server. If you entered the URL manually please check your spelling and try again.

--- ERROR AT 2026-06-02 16:54:44.767433 ---
Traceback (most recent call last):
  File "C:\Users\monck\AppData\Local\Python\pythoncore-3.14-64\Lib\site-packages\flask\app.py", line 917, in full_dispatch_request
    rv = self.dispatch_request()
  File "C:\Users\monck\AppData\Local\Python\pythoncore-3.14-64\Lib\site-packages\flask\app.py", line 902, in dispatch_request
    return self.ensure_sync(self.view_functions[rule.endpoint])(**view_args)  # type: ignore[no-any-return]
           ~~~~~~~~~~~~~~~~~~~~~~~~~~~~~~~~~~~~~~~~~~~~~~~~~~~~^^^^^^^^^^^^^
  File "C:\03.Webapplication\app.py", line 1363, in download_file
    return send_from_directory(app.config['UPLOAD_FOLDER'], filename)
  File "C:\Users\monck\AppData\Local\Python\pythoncore-3.14-64\Lib\site-packages\flask\helpers.py", line 572, in send_from_directory
    return werkzeug.utils.send_from_directory(  # type: ignore[return-value]
           ~~~~~~~~~~~~~~~~~~~~~~~~~~~~~~~~~~^^^^^^^^^^^^^^^^^^^^^^^^^^^^^^^
        directory, path, **_prepare_send_file_kwargs(**kwargs)
        ^^^^^^^^^^^^^^^^^^^^^^^^^^^^^^^^^^^^^^^^^^^^^^^^^^^^^^
    )
    ^
  File "C:\Users\monck\AppData\Local\Python\pythoncore-3.14-64\Lib\site-packages\werkzeug\utils.py", line 568, in send_from_directory
    raise NotFound()
werkzeug.exceptions.NotFound: 404 Not Found: The requested URL was not found on the server. If you entered the URL manually please check your spelling and try again.

--- ERROR AT 2026-06-02 16:54:44.804762 ---
Traceback (most recent call last):
  File "C:\Users\monck\AppData\Local\Python\pythoncore-3.14-64\Lib\site-packages\flask\app.py", line 917, in full_dispatch_request
    rv = self.dispatch_request()
  File "C:\Users\monck\AppData\Local\Python\pythoncore-3.14-64\Lib\site-packages\flask\app.py", line 902, in dispatch_request
    return self.ensure_sync(self.view_functions[rule.endpoint])(**view_args)  # type: ignore[no-any-return]
           ~~~~~~~~~~~~~~~~~~~~~~~~~~~~~~~~~~~~~~~~~~~~~~~~~~~~^^^^^^^^^^^^^
  File "C:\03.Webapplication\app.py", line 1363, in download_file
    return send_from_directory(app.config['UPLOAD_FOLDER'], filename)
  File "C:\Users\monck\AppData\Local\Python\pythoncore-3.14-64\Lib\site-packages\flask\helpers.py", line 572, in send_from_directory
    return werkzeug.utils.send_from_directory(  # type: ignore[return-value]
           ~~~~~~~~~~~~~~~~~~~~~~~~~~~~~~~~~~^^^^^^^^^^^^^^^^^^^^^^^^^^^^^^^
        directory, path, **_prepare_send_file_kwargs(**kwargs)
        ^^^^^^^^^^^^^^^^^^^^^^^^^^^^^^^^^^^^^^^^^^^^^^^^^^^^^^
    )
    ^
  File "C:\Users\monck\AppData\Local\Python\pythoncore-3.14-64\Lib\site-packages\werkzeug\utils.py", line 568, in send_from_directory
    raise NotFound()
werkzeug.exceptions.NotFound: 404 Not Found: The requested URL was not found on the server. If you entered the URL manually please check your spelling and try again.

--- ERROR AT 2026-06-02 16:54:44.824050 ---
Traceback (most recent call last):
  File "C:\Users\monck\AppData\Local\Python\pythoncore-3.14-64\Lib\site-packages\flask\app.py", line 917, in full_dispatch_request
    rv = self.dispatch_request()
  File "C:\Users\monck\AppData\Local\Python\pythoncore-3.14-64\Lib\site-packages\flask\app.py", line 902, in dispatch_request
    return self.ensure_sync(self.view_functions[rule.endpoint])(**view_args)  # type: ignore[no-any-return]
           ~~~~~~~~~~~~~~~~~~~~~~~~~~~~~~~~~~~~~~~~~~~~~~~~~~~~^^^^^^^^^^^^^
  File "C:\03.Webapplication\app.py", line 1363, in download_file
    return send_from_directory(app.config['UPLOAD_FOLDER'], filename)
  File "C:\Users\monck\AppData\Local\Python\pythoncore-3.14-64\Lib\site-packages\flask\helpers.py", line 572, in send_from_directory
    return werkzeug.utils.send_from_directory(  # type: ignore[return-value]
           ~~~~~~~~~~~~~~~~~~~~~~~~~~~~~~~~~~^^^^^^^^^^^^^^^^^^^^^^^^^^^^^^^
        directory, path, **_prepare_send_file_kwargs(**kwargs)
        ^^^^^^^^^^^^^^^^^^^^^^^^^^^^^^^^^^^^^^^^^^^^^^^^^^^^^^
    )
    ^
  File "C:\Users\monck\AppData\Local\Python\pythoncore-3.14-64\Lib\site-packages\werkzeug\utils.py", line 568, in send_from_directory
    raise NotFound()
werkzeug.exceptions.NotFound: 404 Not Found: The requested URL was not found on the server. If you entered the URL manually please check your spelling and try again.

--- ERROR AT 2026-06-02 16:54:45.137725 ---
Traceback (most recent call last):
  File "C:\Users\monck\AppData\Local\Python\pythoncore-3.14-64\Lib\site-packages\flask\app.py", line 917, in full_dispatch_request
    rv = self.dispatch_request()
  File "C:\Users\monck\AppData\Local\Python\pythoncore-3.14-64\Lib\site-packages\flask\app.py", line 891, in dispatch_request
    self.raise_routing_exception(req)
    ~~~~~~~~~~~~~~~~~~~~~~~~~~~~^^^^^
  File "C:\Users\monck\AppData\Local\Python\pythoncore-3.14-64\Lib\site-packages\flask\app.py", line 500, in raise_routing_exception
    raise request.routing_exception  # type: ignore[misc]
    ^^^^^^^^^^^^^^^^^^^^^^^^^^^^^^^
  File "C:\Users\monck\AppData\Local\Python\pythoncore-3.14-64\Lib\site-packages\flask\ctx.py", line 362, in match_request
    result = self.url_adapter.match(return_rule=True)  # type: ignore
  File "C:\Users\monck\AppData\Local\Python\pythoncore-3.14-64\Lib\site-packages\werkzeug\routing\map.py", line 629, in match
    raise NotFound() from None
werkzeug.exceptions.NotFound: 404 Not Found: The requested URL was not found on the server. If you entered the URL manually please check your spelling and try again.

--- ERROR AT 2026-06-02 16:54:47.969854 ---
Traceback (most recent call last):
  File "C:\Users\monck\AppData\Local\Python\pythoncore-3.14-64\Lib\site-packages\flask\app.py", line 917, in full_dispatch_request
    rv = self.dispatch_request()
  File "C:\Users\monck\AppData\Local\Python\pythoncore-3.14-64\Lib\site-packages\flask\app.py", line 891, in dispatch_request
    self.raise_routing_exception(req)
    ~~~~~~~~~~~~~~~~~~~~~~~~~~~~^^^^^
  File "C:\Users\monck\AppData\Local\Python\pythoncore-3.14-64\Lib\site-packages\flask\app.py", line 500, in raise_routing_exception
    raise request.routing_exception  # type: ignore[misc]
    ^^^^^^^^^^^^^^^^^^^^^^^^^^^^^^^
  File "C:\Users\monck\AppData\Local\Python\pythoncore-3.14-64\Lib\site-packages\flask\ctx.py", line 362, in match_request
    result = self.url_adapter.match(return_rule=True)  # type: ignore
  File "C:\Users\monck\AppData\Local\Python\pythoncore-3.14-64\Lib\site-packages\werkzeug\routing\map.py", line 629, in match
    raise NotFound() from None
werkzeug.exceptions.NotFound: 404 Not Found: The requested URL was not found on the server. If you entered the URL manually please check your spelling and try again.

--- ERROR AT 2026-06-02 16:55:22.170557 ---
Traceback (most recent call last):
  File "C:\Users\monck\AppData\Local\Python\pythoncore-3.14-64\Lib\site-packages\flask\app.py", line 917, in full_dispatch_request
    rv = self.dispatch_request()
  File "C:\Users\monck\AppData\Local\Python\pythoncore-3.14-64\Lib\site-packages\flask\app.py", line 902, in dispatch_request
    return self.ensure_sync(self.view_functions[rule.endpoint])(**view_args)  # type: ignore[no-any-return]
           ~~~~~~~~~~~~~~~~~~~~~~~~~~~~~~~~~~~~~~~~~~~~~~~~~~~~^^^^^^^^^^^^^
  File "C:\03.Webapplication\app.py", line 1363, in download_file
    return send_from_directory(app.config['UPLOAD_FOLDER'], filename)
  File "C:\Users\monck\AppData\Local\Python\pythoncore-3.14-64\Lib\site-packages\flask\helpers.py", line 572, in send_from_directory
    return werkzeug.utils.send_from_directory(  # type: ignore[return-value]
           ~~~~~~~~~~~~~~~~~~~~~~~~~~~~~~~~~~^^^^^^^^^^^^^^^^^^^^^^^^^^^^^^^
        directory, path, **_prepare_send_file_kwargs(**kwargs)
        ^^^^^^^^^^^^^^^^^^^^^^^^^^^^^^^^^^^^^^^^^^^^^^^^^^^^^^
    )
    ^
  File "C:\Users\monck\AppData\Local\Python\pythoncore-3.14-64\Lib\site-packages\werkzeug\utils.py", line 568, in send_from_directory
    raise NotFound()
werkzeug.exceptions.NotFound: 404 Not Found: The requested URL was not found on the server. If you entered the URL manually please check your spelling and try again.

--- ERROR AT 2026-06-02 16:55:22.170287 ---
Traceback (most recent call last):
  File "C:\Users\monck\AppData\Local\Python\pythoncore-3.14-64\Lib\site-packages\flask\app.py", line 917, in full_dispatch_request
    rv = self.dispatch_request()
  File "C:\Users\monck\AppData\Local\Python\pythoncore-3.14-64\Lib\site-packages\flask\app.py", line 902, in dispatch_request
    return self.ensure_sync(self.view_functions[rule.endpoint])(**view_args)  # type: ignore[no-any-return]
           ~~~~~~~~~~~~~~~~~~~~~~~~~~~~~~~~~~~~~~~~~~~~~~~~~~~~^^^^^^^^^^^^^
  File "C:\03.Webapplication\app.py", line 1363, in download_file
    return send_from_directory(app.config['UPLOAD_FOLDER'], filename)
  File "C:\Users\monck\AppData\Local\Python\pythoncore-3.14-64\Lib\site-packages\flask\helpers.py", line 572, in send_from_directory
    return werkzeug.utils.send_from_directory(  # type: ignore[return-value]
           ~~~~~~~~~~~~~~~~~~~~~~~~~~~~~~~~~~^^^^^^^^^^^^^^^^^^^^^^^^^^^^^^^
        directory, path, **_prepare_send_file_kwargs(**kwargs)
        ^^^^^^^^^^^^^^^^^^^^^^^^^^^^^^^^^^^^^^^^^^^^^^^^^^^^^^
    )
    ^
  File "C:\Users\monck\AppData\Local\Python\pythoncore-3.14-64\Lib\site-packages\werkzeug\utils.py", line 568, in send_from_directory
    raise NotFound()
werkzeug.exceptions.NotFound: 404 Not Found: The requested URL was not found on the server. If you entered the URL manually please check your spelling and try again.

--- ERROR AT 2026-06-02 16:55:22.175150 ---
Traceback (most recent call last):
  File "C:\Users\monck\AppData\Local\Python\pythoncore-3.14-64\Lib\site-packages\flask\app.py", line 917, in full_dispatch_request
    rv = self.dispatch_request()
  File "C:\Users\monck\AppData\Local\Python\pythoncore-3.14-64\Lib\site-packages\flask\app.py", line 902, in dispatch_request
    return self.ensure_sync(self.view_functions[rule.endpoint])(**view_args)  # type: ignore[no-any-return]
           ~~~~~~~~~~~~~~~~~~~~~~~~~~~~~~~~~~~~~~~~~~~~~~~~~~~~^^^^^^^^^^^^^
  File "C:\03.Webapplication\app.py", line 1363, in download_file
    return send_from_directory(app.config['UPLOAD_FOLDER'], filename)
  File "C:\Users\monck\AppData\Local\Python\pythoncore-3.14-64\Lib\site-packages\flask\helpers.py", line 572, in send_from_directory
    return werkzeug.utils.send_from_directory(  # type: ignore[return-value]
           ~~~~~~~~~~~~~~~~~~~~~~~~~~~~~~~~~~^^^^^^^^^^^^^^^^^^^^^^^^^^^^^^^
        directory, path, **_prepare_send_file_kwargs(**kwargs)
        ^^^^^^^^^^^^^^^^^^^^^^^^^^^^^^^^^^^^^^^^^^^^^^^^^^^^^^
    )
    ^
  File "C:\Users\monck\AppData\Local\Python\pythoncore-3.14-64\Lib\site-packages\werkzeug\utils.py", line 568, in send_from_directory
    raise NotFound()
werkzeug.exceptions.NotFound: 404 Not Found: The requested URL was not found on the server. If you entered the URL manually please check your spelling and try again.

--- ERROR AT 2026-06-02 16:55:22.434223 ---
Traceback (most recent call last):
  File "C:\Users\monck\AppData\Local\Python\pythoncore-3.14-64\Lib\site-packages\flask\app.py", line 917, in full_dispatch_request
    rv = self.dispatch_request()
  File "C:\Users\monck\AppData\Local\Python\pythoncore-3.14-64\Lib\site-packages\flask\app.py", line 891, in dispatch_request
    self.raise_routing_exception(req)
    ~~~~~~~~~~~~~~~~~~~~~~~~~~~~^^^^^
  File "C:\Users\monck\AppData\Local\Python\pythoncore-3.14-64\Lib\site-packages\flask\app.py", line 500, in raise_routing_exception
    raise request.routing_exception  # type: ignore[misc]
    ^^^^^^^^^^^^^^^^^^^^^^^^^^^^^^^
  File "C:\Users\monck\AppData\Local\Python\pythoncore-3.14-64\Lib\site-packages\flask\ctx.py", line 362, in match_request
    result = self.url_adapter.match(return_rule=True)  # type: ignore
  File "C:\Users\monck\AppData\Local\Python\pythoncore-3.14-64\Lib\site-packages\werkzeug\routing\map.py", line 629, in match
    raise NotFound() from None
werkzeug.exceptions.NotFound: 404 Not Found: The requested URL was not found on the server. If you entered the URL manually please check your spelling and try again.

--- ERROR AT 2026-06-02 16:55:24.202948 ---
Traceback (most recent call last):
  File "C:\Users\monck\AppData\Local\Python\pythoncore-3.14-64\Lib\site-packages\flask\app.py", line 917, in full_dispatch_request
    rv = self.dispatch_request()
  File "C:\Users\monck\AppData\Local\Python\pythoncore-3.14-64\Lib\site-packages\flask\app.py", line 902, in dispatch_request
    return self.ensure_sync(self.view_functions[rule.endpoint])(**view_args)  # type: ignore[no-any-return]
           ~~~~~~~~~~~~~~~~~~~~~~~~~~~~~~~~~~~~~~~~~~~~~~~~~~~~^^^^^^^^^^^^^
  File "C:\03.Webapplication\app.py", line 1363, in download_file
    return send_from_directory(app.config['UPLOAD_FOLDER'], filename)
  File "C:\Users\monck\AppData\Local\Python\pythoncore-3.14-64\Lib\site-packages\flask\helpers.py", line 572, in send_from_directory
    return werkzeug.utils.send_from_directory(  # type: ignore[return-value]
           ~~~~~~~~~~~~~~~~~~~~~~~~~~~~~~~~~~^^^^^^^^^^^^^^^^^^^^^^^^^^^^^^^
        directory, path, **_prepare_send_file_kwargs(**kwargs)
        ^^^^^^^^^^^^^^^^^^^^^^^^^^^^^^^^^^^^^^^^^^^^^^^^^^^^^^
    )
    ^
  File "C:\Users\monck\AppData\Local\Python\pythoncore-3.14-64\Lib\site-packages\werkzeug\utils.py", line 568, in send_from_directory
    raise NotFound()
werkzeug.exceptions.NotFound: 404 Not Found: The requested URL was not found on the server. If you entered the URL manually please check your spelling and try again.

--- ERROR AT 2026-06-02 16:55:24.203541 ---
Traceback (most recent call last):
  File "C:\Users\monck\AppData\Local\Python\pythoncore-3.14-64\Lib\site-packages\flask\app.py", line 917, in full_dispatch_request
    rv = self.dispatch_request()
  File "C:\Users\monck\AppData\Local\Python\pythoncore-3.14-64\Lib\site-packages\flask\app.py", line 902, in dispatch_request
    return self.ensure_sync(self.view_functions[rule.endpoint])(**view_args)  # type: ignore[no-any-return]
           ~~~~~~~~~~~~~~~~~~~~~~~~~~~~~~~~~~~~~~~~~~~~~~~~~~~~^^^^^^^^^^^^^
  File "C:\03.Webapplication\app.py", line 1363, in download_file
    return send_from_directory(app.config['UPLOAD_FOLDER'], filename)
  File "C:\Users\monck\AppData\Local\Python\pythoncore-3.14-64\Lib\site-packages\flask\helpers.py", line 572, in send_from_directory
    return werkzeug.utils.send_from_directory(  # type: ignore[return-value]
           ~~~~~~~~~~~~~~~~~~~~~~~~~~~~~~~~~~^^^^^^^^^^^^^^^^^^^^^^^^^^^^^^^
        directory, path, **_prepare_send_file_kwargs(**kwargs)
        ^^^^^^^^^^^^^^^^^^^^^^^^^^^^^^^^^^^^^^^^^^^^^^^^^^^^^^
    )
    ^
  File "C:\Users\monck\AppData\Local\Python\pythoncore-3.14-64\Lib\site-packages\werkzeug\utils.py", line 568, in send_from_directory
    raise NotFound()
werkzeug.exceptions.NotFound: 404 Not Found: The requested URL was not found on the server. If you entered the URL manually please check your spelling and try again.

--- ERROR AT 2026-06-02 16:55:24.206300 ---
Traceback (most recent call last):
  File "C:\Users\monck\AppData\Local\Python\pythoncore-3.14-64\Lib\site-packages\flask\app.py", line 917, in full_dispatch_request
    rv = self.dispatch_request()
  File "C:\Users\monck\AppData\Local\Python\pythoncore-3.14-64\Lib\site-packages\flask\app.py", line 902, in dispatch_request
    return self.ensure_sync(self.view_functions[rule.endpoint])(**view_args)  # type: ignore[no-any-return]
           ~~~~~~~~~~~~~~~~~~~~~~~~~~~~~~~~~~~~~~~~~~~~~~~~~~~~^^^^^^^^^^^^^
  File "C:\03.Webapplication\app.py", line 1363, in download_file
    return send_from_directory(app.config['UPLOAD_FOLDER'], filename)
  File "C:\Users\monck\AppData\Local\Python\pythoncore-3.14-64\Lib\site-packages\flask\helpers.py", line 572, in send_from_directory
    return werkzeug.utils.send_from_directory(  # type: ignore[return-value]
           ~~~~~~~~~~~~~~~~~~~~~~~~~~~~~~~~~~^^^^^^^^^^^^^^^^^^^^^^^^^^^^^^^
        directory, path, **_prepare_send_file_kwargs(**kwargs)
        ^^^^^^^^^^^^^^^^^^^^^^^^^^^^^^^^^^^^^^^^^^^^^^^^^^^^^^
    )
    ^
  File "C:\Users\monck\AppData\Local\Python\pythoncore-3.14-64\Lib\site-packages\werkzeug\utils.py", line 568, in send_from_directory
    raise NotFound()
werkzeug.exceptions.NotFound: 404 Not Found: The requested URL was not found on the server. If you entered the URL manually please check your spelling and try again.

--- ERROR AT 2026-06-02 16:55:24.517335 ---
Traceback (most recent call last):
  File "C:\Users\monck\AppData\Local\Python\pythoncore-3.14-64\Lib\site-packages\flask\app.py", line 917, in full_dispatch_request
    rv = self.dispatch_request()
  File "C:\Users\monck\AppData\Local\Python\pythoncore-3.14-64\Lib\site-packages\flask\app.py", line 891, in dispatch_request
    self.raise_routing_exception(req)
    ~~~~~~~~~~~~~~~~~~~~~~~~~~~~^^^^^
  File "C:\Users\monck\AppData\Local\Python\pythoncore-3.14-64\Lib\site-packages\flask\app.py", line 500, in raise_routing_exception
    raise request.routing_exception  # type: ignore[misc]
    ^^^^^^^^^^^^^^^^^^^^^^^^^^^^^^^
  File "C:\Users\monck\AppData\Local\Python\pythoncore-3.14-64\Lib\site-packages\flask\ctx.py", line 362, in match_request
    result = self.url_adapter.match(return_rule=True)  # type: ignore
  File "C:\Users\monck\AppData\Local\Python\pythoncore-3.14-64\Lib\site-packages\werkzeug\routing\map.py", line 629, in match
    raise NotFound() from None
werkzeug.exceptions.NotFound: 404 Not Found: The requested URL was not found on the server. If you entered the URL manually please check your spelling and try again.

--- ERROR AT 2026-06-02 16:55:39.613031 ---
Traceback (most recent call last):
  File "C:\Users\monck\AppData\Local\Python\pythoncore-3.14-64\Lib\site-packages\flask\app.py", line 917, in full_dispatch_request
    rv = self.dispatch_request()
  File "C:\Users\monck\AppData\Local\Python\pythoncore-3.14-64\Lib\site-packages\flask\app.py", line 891, in dispatch_request
    self.raise_routing_exception(req)
    ~~~~~~~~~~~~~~~~~~~~~~~~~~~~^^^^^
  File "C:\Users\monck\AppData\Local\Python\pythoncore-3.14-64\Lib\site-packages\flask\app.py", line 500, in raise_routing_exception
    raise request.routing_exception  # type: ignore[misc]
    ^^^^^^^^^^^^^^^^^^^^^^^^^^^^^^^
  File "C:\Users\monck\AppData\Local\Python\pythoncore-3.14-64\Lib\site-packages\flask\ctx.py", line 362, in match_request
    result = self.url_adapter.match(return_rule=True)  # type: ignore
  File "C:\Users\monck\AppData\Local\Python\pythoncore-3.14-64\Lib\site-packages\werkzeug\routing\map.py", line 629, in match
    raise NotFound() from None
werkzeug.exceptions.NotFound: 404 Not Found: The requested URL was not found on the server. If you entered the URL manually please check your spelling and try again.

--- ERROR AT 2026-06-02 16:55:42.166184 ---
Traceback (most recent call last):
  File "C:\Users\monck\AppData\Local\Python\pythoncore-3.14-64\Lib\site-packages\flask\app.py", line 917, in full_dispatch_request
    rv = self.dispatch_request()
  File "C:\Users\monck\AppData\Local\Python\pythoncore-3.14-64\Lib\site-packages\flask\app.py", line 902, in dispatch_request
    return self.ensure_sync(self.view_functions[rule.endpoint])(**view_args)  # type: ignore[no-any-return]
           ~~~~~~~~~~~~~~~~~~~~~~~~~~~~~~~~~~~~~~~~~~~~~~~~~~~~^^^^^^^^^^^^^
  File "C:\03.Webapplication\app.py", line 1363, in download_file
    return send_from_directory(app.config['UPLOAD_FOLDER'], filename)
  File "C:\Users\monck\AppData\Local\Python\pythoncore-3.14-64\Lib\site-packages\flask\helpers.py", line 572, in send_from_directory
    return werkzeug.utils.send_from_directory(  # type: ignore[return-value]
           ~~~~~~~~~~~~~~~~~~~~~~~~~~~~~~~~~~^^^^^^^^^^^^^^^^^^^^^^^^^^^^^^^
        directory, path, **_prepare_send_file_kwargs(**kwargs)
        ^^^^^^^^^^^^^^^^^^^^^^^^^^^^^^^^^^^^^^^^^^^^^^^^^^^^^^
    )
    ^
  File "C:\Users\monck\AppData\Local\Python\pythoncore-3.14-64\Lib\site-packages\werkzeug\utils.py", line 568, in send_from_directory
    raise NotFound()
werkzeug.exceptions.NotFound: 404 Not Found: The requested URL was not found on the server. If you entered the URL manually please check your spelling and try again.

--- ERROR AT 2026-06-02 16:55:42.209773 ---
Traceback (most recent call last):
  File "C:\Users\monck\AppData\Local\Python\pythoncore-3.14-64\Lib\site-packages\flask\app.py", line 917, in full_dispatch_request
    rv = self.dispatch_request()
  File "C:\Users\monck\AppData\Local\Python\pythoncore-3.14-64\Lib\site-packages\flask\app.py", line 902, in dispatch_request
    return self.ensure_sync(self.view_functions[rule.endpoint])(**view_args)  # type: ignore[no-any-return]
           ~~~~~~~~~~~~~~~~~~~~~~~~~~~~~~~~~~~~~~~~~~~~~~~~~~~~^^^^^^^^^^^^^
  File "C:\03.Webapplication\app.py", line 1363, in download_file
    return send_from_directory(app.config['UPLOAD_FOLDER'], filename)
  File "C:\Users\monck\AppData\Local\Python\pythoncore-3.14-64\Lib\site-packages\flask\helpers.py", line 572, in send_from_directory
    return werkzeug.utils.send_from_directory(  # type: ignore[return-value]
           ~~~~~~~~~~~~~~~~~~~~~~~~~~~~~~~~~~^^^^^^^^^^^^^^^^^^^^^^^^^^^^^^^
        directory, path, **_prepare_send_file_kwargs(**kwargs)
        ^^^^^^^^^^^^^^^^^^^^^^^^^^^^^^^^^^^^^^^^^^^^^^^^^^^^^^
    )
    ^
  File "C:\Users\monck\AppData\Local\Python\pythoncore-3.14-64\Lib\site-packages\werkzeug\utils.py", line 568, in send_from_directory
    raise NotFound()
werkzeug.exceptions.NotFound: 404 Not Found: The requested URL was not found on the server. If you entered the URL manually please check your spelling and try again.

--- ERROR AT 2026-06-02 16:55:42.215048 ---
Traceback (most recent call last):
  File "C:\Users\monck\AppData\Local\Python\pythoncore-3.14-64\Lib\site-packages\flask\app.py", line 917, in full_dispatch_request
    rv = self.dispatch_request()
  File "C:\Users\monck\AppData\Local\Python\pythoncore-3.14-64\Lib\site-packages\flask\app.py", line 902, in dispatch_request
    return self.ensure_sync(self.view_functions[rule.endpoint])(**view_args)  # type: ignore[no-any-return]
           ~~~~~~~~~~~~~~~~~~~~~~~~~~~~~~~~~~~~~~~~~~~~~~~~~~~~^^^^^^^^^^^^^
  File "C:\03.Webapplication\app.py", line 1363, in download_file
    return send_from_directory(app.config['UPLOAD_FOLDER'], filename)
  File "C:\Users\monck\AppData\Local\Python\pythoncore-3.14-64\Lib\site-packages\flask\helpers.py", line 572, in send_from_directory
    return werkzeug.utils.send_from_directory(  # type: ignore[return-value]
           ~~~~~~~~~~~~~~~~~~~~~~~~~~~~~~~~~~^^^^^^^^^^^^^^^^^^^^^^^^^^^^^^^
        directory, path, **_prepare_send_file_kwargs(**kwargs)
        ^^^^^^^^^^^^^^^^^^^^^^^^^^^^^^^^^^^^^^^^^^^^^^^^^^^^^^
    )
    ^
  File "C:\Users\monck\AppData\Local\Python\pythoncore-3.14-64\Lib\site-packages\werkzeug\utils.py", line 568, in send_from_directory
    raise NotFound()
werkzeug.exceptions.NotFound: 404 Not Found: The requested URL was not found on the server. If you entered the URL manually please check your spelling and try again.

--- ERROR AT 2026-06-02 16:55:42.533908 ---
Traceback (most recent call last):
  File "C:\Users\monck\AppData\Local\Python\pythoncore-3.14-64\Lib\site-packages\flask\app.py", line 917, in full_dispatch_request
    rv = self.dispatch_request()
  File "C:\Users\monck\AppData\Local\Python\pythoncore-3.14-64\Lib\site-packages\flask\app.py", line 891, in dispatch_request
    self.raise_routing_exception(req)
    ~~~~~~~~~~~~~~~~~~~~~~~~~~~~^^^^^
  File "C:\Users\monck\AppData\Local\Python\pythoncore-3.14-64\Lib\site-packages\flask\app.py", line 500, in raise_routing_exception
    raise request.routing_exception  # type: ignore[misc]
    ^^^^^^^^^^^^^^^^^^^^^^^^^^^^^^^
  File "C:\Users\monck\AppData\Local\Python\pythoncore-3.14-64\Lib\site-packages\flask\ctx.py", line 362, in match_request
    result = self.url_adapter.match(return_rule=True)  # type: ignore
  File "C:\Users\monck\AppData\Local\Python\pythoncore-3.14-64\Lib\site-packages\werkzeug\routing\map.py", line 629, in match
    raise NotFound() from None
werkzeug.exceptions.NotFound: 404 Not Found: The requested URL was not found on the server. If you entered the URL manually please check your spelling and try again.

--- ERROR AT 2026-06-02 16:55:44.736966 ---
Traceback (most recent call last):
  File "C:\Users\monck\AppData\Local\Python\pythoncore-3.14-64\Lib\site-packages\flask\app.py", line 917, in full_dispatch_request
    rv = self.dispatch_request()
  File "C:\Users\monck\AppData\Local\Python\pythoncore-3.14-64\Lib\site-packages\flask\app.py", line 902, in dispatch_request
    return self.ensure_sync(self.view_functions[rule.endpoint])(**view_args)  # type: ignore[no-any-return]
           ~~~~~~~~~~~~~~~~~~~~~~~~~~~~~~~~~~~~~~~~~~~~~~~~~~~~^^^^^^^^^^^^^
  File "C:\03.Webapplication\app.py", line 1363, in download_file
    return send_from_directory(app.config['UPLOAD_FOLDER'], filename)
  File "C:\Users\monck\AppData\Local\Python\pythoncore-3.14-64\Lib\site-packages\flask\helpers.py", line 572, in send_from_directory
    return werkzeug.utils.send_from_directory(  # type: ignore[return-value]
           ~~~~~~~~~~~~~~~~~~~~~~~~~~~~~~~~~~^^^^^^^^^^^^^^^^^^^^^^^^^^^^^^^
        directory, path, **_prepare_send_file_kwargs(**kwargs)
        ^^^^^^^^^^^^^^^^^^^^^^^^^^^^^^^^^^^^^^^^^^^^^^^^^^^^^^
    )
    ^
  File "C:\Users\monck\AppData\Local\Python\pythoncore-3.14-64\Lib\site-packages\werkzeug\utils.py", line 568, in send_from_directory
    raise NotFound()
werkzeug.exceptions.NotFound: 404 Not Found: The requested URL was not found on the server. If you entered the URL manually please check your spelling and try again.

--- ERROR AT 2026-06-02 16:55:45.027097 ---
Traceback (most recent call last):
  File "C:\Users\monck\AppData\Local\Python\pythoncore-3.14-64\Lib\site-packages\flask\app.py", line 917, in full_dispatch_request
    rv = self.dispatch_request()
  File "C:\Users\monck\AppData\Local\Python\pythoncore-3.14-64\Lib\site-packages\flask\app.py", line 902, in dispatch_request
    return self.ensure_sync(self.view_functions[rule.endpoint])(**view_args)  # type: ignore[no-any-return]
           ~~~~~~~~~~~~~~~~~~~~~~~~~~~~~~~~~~~~~~~~~~~~~~~~~~~~^^^^^^^^^^^^^
  File "C:\03.Webapplication\app.py", line 1363, in download_file
    return send_from_directory(app.config['UPLOAD_FOLDER'], filename)
  File "C:\Users\monck\AppData\Local\Python\pythoncore-3.14-64\Lib\site-packages\flask\helpers.py", line 572, in send_from_directory
    return werkzeug.utils.send_from_directory(  # type: ignore[return-value]
           ~~~~~~~~~~~~~~~~~~~~~~~~~~~~~~~~~~^^^^^^^^^^^^^^^^^^^^^^^^^^^^^^^
        directory, path, **_prepare_send_file_kwargs(**kwargs)
        ^^^^^^^^^^^^^^^^^^^^^^^^^^^^^^^^^^^^^^^^^^^^^^^^^^^^^^
    )
    ^
  File "C:\Users\monck\AppData\Local\Python\pythoncore-3.14-64\Lib\site-packages\werkzeug\utils.py", line 568, in send_from_directory
    raise NotFound()
werkzeug.exceptions.NotFound: 404 Not Found: The requested URL was not found on the server. If you entered the URL manually please check your spelling and try again.

--- ERROR AT 2026-06-02 16:55:45.035108 ---
Traceback (most recent call last):
  File "C:\Users\monck\AppData\Local\Python\pythoncore-3.14-64\Lib\site-packages\flask\app.py", line 917, in full_dispatch_request
    rv = self.dispatch_request()
  File "C:\Users\monck\AppData\Local\Python\pythoncore-3.14-64\Lib\site-packages\flask\app.py", line 902, in dispatch_request
    return self.ensure_sync(self.view_functions[rule.endpoint])(**view_args)  # type: ignore[no-any-return]
           ~~~~~~~~~~~~~~~~~~~~~~~~~~~~~~~~~~~~~~~~~~~~~~~~~~~~^^^^^^^^^^^^^
  File "C:\03.Webapplication\app.py", line 1363, in download_file
    return send_from_directory(app.config['UPLOAD_FOLDER'], filename)
  File "C:\Users\monck\AppData\Local\Python\pythoncore-3.14-64\Lib\site-packages\flask\helpers.py", line 572, in send_from_directory
    return werkzeug.utils.send_from_directory(  # type: ignore[return-value]
           ~~~~~~~~~~~~~~~~~~~~~~~~~~~~~~~~~~^^^^^^^^^^^^^^^^^^^^^^^^^^^^^^^
        directory, path, **_prepare_send_file_kwargs(**kwargs)
        ^^^^^^^^^^^^^^^^^^^^^^^^^^^^^^^^^^^^^^^^^^^^^^^^^^^^^^
    )
    ^
  File "C:\Users\monck\AppData\Local\Python\pythoncore-3.14-64\Lib\site-packages\werkzeug\utils.py", line 568, in send_from_directory
    raise NotFound()
werkzeug.exceptions.NotFound: 404 Not Found: The requested URL was not found on the server. If you entered the URL manually please check your spelling and try again.

--- ERROR AT 2026-06-02 16:55:45.350630 ---
Traceback (most recent call last):
  File "C:\Users\monck\AppData\Local\Python\pythoncore-3.14-64\Lib\site-packages\flask\app.py", line 917, in full_dispatch_request
    rv = self.dispatch_request()
  File "C:\Users\monck\AppData\Local\Python\pythoncore-3.14-64\Lib\site-packages\flask\app.py", line 891, in dispatch_request
    self.raise_routing_exception(req)
    ~~~~~~~~~~~~~~~~~~~~~~~~~~~~^^^^^
  File "C:\Users\monck\AppData\Local\Python\pythoncore-3.14-64\Lib\site-packages\flask\app.py", line 500, in raise_routing_exception
    raise request.routing_exception  # type: ignore[misc]
    ^^^^^^^^^^^^^^^^^^^^^^^^^^^^^^^
  File "C:\Users\monck\AppData\Local\Python\pythoncore-3.14-64\Lib\site-packages\flask\ctx.py", line 362, in match_request
    result = self.url_adapter.match(return_rule=True)  # type: ignore
  File "C:\Users\monck\AppData\Local\Python\pythoncore-3.14-64\Lib\site-packages\werkzeug\routing\map.py", line 629, in match
    raise NotFound() from None
werkzeug.exceptions.NotFound: 404 Not Found: The requested URL was not found on the server. If you entered the URL manually please check your spelling and try again.

--- ERROR AT 2026-06-02 16:55:48.519251 ---
Traceback (most recent call last):
  File "C:\Users\monck\AppData\Local\Python\pythoncore-3.14-64\Lib\site-packages\flask\app.py", line 917, in full_dispatch_request
    rv = self.dispatch_request()
  File "C:\Users\monck\AppData\Local\Python\pythoncore-3.14-64\Lib\site-packages\flask\app.py", line 902, in dispatch_request
    return self.ensure_sync(self.view_functions[rule.endpoint])(**view_args)  # type: ignore[no-any-return]
           ~~~~~~~~~~~~~~~~~~~~~~~~~~~~~~~~~~~~~~~~~~~~~~~~~~~~^^^^^^^^^^^^^
  File "C:\03.Webapplication\app.py", line 1363, in download_file
    return send_from_directory(app.config['UPLOAD_FOLDER'], filename)
  File "C:\Users\monck\AppData\Local\Python\pythoncore-3.14-64\Lib\site-packages\flask\helpers.py", line 572, in send_from_directory
    return werkzeug.utils.send_from_directory(  # type: ignore[return-value]
           ~~~~~~~~~~~~~~~~~~~~~~~~~~~~~~~~~~^^^^^^^^^^^^^^^^^^^^^^^^^^^^^^^
        directory, path, **_prepare_send_file_kwargs(**kwargs)
        ^^^^^^^^^^^^^^^^^^^^^^^^^^^^^^^^^^^^^^^^^^^^^^^^^^^^^^
    )
    ^
  File "C:\Users\monck\AppData\Local\Python\pythoncore-3.14-64\Lib\site-packages\werkzeug\utils.py", line 568, in send_from_directory
    raise NotFound()
werkzeug.exceptions.NotFound: 404 Not Found: The requested URL was not found on the server. If you entered the URL manually please check your spelling and try again.

--- ERROR AT 2026-06-02 16:55:48.520782 ---
Traceback (most recent call last):
  File "C:\Users\monck\AppData\Local\Python\pythoncore-3.14-64\Lib\site-packages\flask\app.py", line 917, in full_dispatch_request
    rv = self.dispatch_request()
  File "C:\Users\monck\AppData\Local\Python\pythoncore-3.14-64\Lib\site-packages\flask\app.py", line 902, in dispatch_request
    return self.ensure_sync(self.view_functions[rule.endpoint])(**view_args)  # type: ignore[no-any-return]
           ~~~~~~~~~~~~~~~~~~~~~~~~~~~~~~~~~~~~~~~~~~~~~~~~~~~~^^^^^^^^^^^^^
  File "C:\03.Webapplication\app.py", line 1363, in download_file
    return send_from_directory(app.config['UPLOAD_FOLDER'], filename)
  File "C:\Users\monck\AppData\Local\Python\pythoncore-3.14-64\Lib\site-packages\flask\helpers.py", line 572, in send_from_directory
    return werkzeug.utils.send_from_directory(  # type: ignore[return-value]
           ~~~~~~~~~~~~~~~~~~~~~~~~~~~~~~~~~~^^^^^^^^^^^^^^^^^^^^^^^^^^^^^^^
        directory, path, **_prepare_send_file_kwargs(**kwargs)
        ^^^^^^^^^^^^^^^^^^^^^^^^^^^^^^^^^^^^^^^^^^^^^^^^^^^^^^
    )
    ^
  File "C:\Users\monck\AppData\Local\Python\pythoncore-3.14-64\Lib\site-packages\werkzeug\utils.py", line 568, in send_from_directory
    raise NotFound()
werkzeug.exceptions.NotFound: 404 Not Found: The requested URL was not found on the server. If you entered the URL manually please check your spelling and try again.

--- ERROR AT 2026-06-02 16:55:48.763233 ---
Traceback (most recent call last):
  File "C:\Users\monck\AppData\Local\Python\pythoncore-3.14-64\Lib\site-packages\flask\app.py", line 917, in full_dispatch_request
    rv = self.dispatch_request()
  File "C:\Users\monck\AppData\Local\Python\pythoncore-3.14-64\Lib\site-packages\flask\app.py", line 902, in dispatch_request
    return self.ensure_sync(self.view_functions[rule.endpoint])(**view_args)  # type: ignore[no-any-return]
           ~~~~~~~~~~~~~~~~~~~~~~~~~~~~~~~~~~~~~~~~~~~~~~~~~~~~^^^^^^^^^^^^^
  File "C:\03.Webapplication\app.py", line 1363, in download_file
    return send_from_directory(app.config['UPLOAD_FOLDER'], filename)
  File "C:\Users\monck\AppData\Local\Python\pythoncore-3.14-64\Lib\site-packages\flask\helpers.py", line 572, in send_from_directory
    return werkzeug.utils.send_from_directory(  # type: ignore[return-value]
           ~~~~~~~~~~~~~~~~~~~~~~~~~~~~~~~~~~^^^^^^^^^^^^^^^^^^^^^^^^^^^^^^^
        directory, path, **_prepare_send_file_kwargs(**kwargs)
        ^^^^^^^^^^^^^^^^^^^^^^^^^^^^^^^^^^^^^^^^^^^^^^^^^^^^^^
    )
    ^
  File "C:\Users\monck\AppData\Local\Python\pythoncore-3.14-64\Lib\site-packages\werkzeug\utils.py", line 568, in send_from_directory
    raise NotFound()
werkzeug.exceptions.NotFound: 404 Not Found: The requested URL was not found on the server. If you entered the URL manually please check your spelling and try again.

--- ERROR AT 2026-06-02 16:55:49.084719 ---
Traceback (most recent call last):
  File "C:\Users\monck\AppData\Local\Python\pythoncore-3.14-64\Lib\site-packages\flask\app.py", line 917, in full_dispatch_request
    rv = self.dispatch_request()
  File "C:\Users\monck\AppData\Local\Python\pythoncore-3.14-64\Lib\site-packages\flask\app.py", line 891, in dispatch_request
    self.raise_routing_exception(req)
    ~~~~~~~~~~~~~~~~~~~~~~~~~~~~^^^^^
  File "C:\Users\monck\AppData\Local\Python\pythoncore-3.14-64\Lib\site-packages\flask\app.py", line 500, in raise_routing_exception
    raise request.routing_exception  # type: ignore[misc]
    ^^^^^^^^^^^^^^^^^^^^^^^^^^^^^^^
  File "C:\Users\monck\AppData\Local\Python\pythoncore-3.14-64\Lib\site-packages\flask\ctx.py", line 362, in match_request
    result = self.url_adapter.match(return_rule=True)  # type: ignore
  File "C:\Users\monck\AppData\Local\Python\pythoncore-3.14-64\Lib\site-packages\werkzeug\routing\map.py", line 629, in match
    raise NotFound() from None
werkzeug.exceptions.NotFound: 404 Not Found: The requested URL was not found on the server. If you entered the URL manually please check your spelling and try again.

--- ERROR AT 2026-06-02 16:55:50.011077 ---
Traceback (most recent call last):
  File "C:\Users\monck\AppData\Local\Python\pythoncore-3.14-64\Lib\site-packages\flask\app.py", line 917, in full_dispatch_request
    rv = self.dispatch_request()
  File "C:\Users\monck\AppData\Local\Python\pythoncore-3.14-64\Lib\site-packages\flask\app.py", line 902, in dispatch_request
    return self.ensure_sync(self.view_functions[rule.endpoint])(**view_args)  # type: ignore[no-any-return]
           ~~~~~~~~~~~~~~~~~~~~~~~~~~~~~~~~~~~~~~~~~~~~~~~~~~~~^^^^^^^^^^^^^
  File "C:\03.Webapplication\app.py", line 1363, in download_file
    return send_from_directory(app.config['UPLOAD_FOLDER'], filename)
  File "C:\Users\monck\AppData\Local\Python\pythoncore-3.14-64\Lib\site-packages\flask\helpers.py", line 572, in send_from_directory
    return werkzeug.utils.send_from_directory(  # type: ignore[return-value]
           ~~~~~~~~~~~~~~~~~~~~~~~~~~~~~~~~~~^^^^^^^^^^^^^^^^^^^^^^^^^^^^^^^
        directory, path, **_prepare_send_file_kwargs(**kwargs)
        ^^^^^^^^^^^^^^^^^^^^^^^^^^^^^^^^^^^^^^^^^^^^^^^^^^^^^^
    )
    ^
  File "C:\Users\monck\AppData\Local\Python\pythoncore-3.14-64\Lib\site-packages\werkzeug\utils.py", line 568, in send_from_directory
    raise NotFound()
werkzeug.exceptions.NotFound: 404 Not Found: The requested URL was not found on the server. If you entered the URL manually please check your spelling and try again.

--- ERROR AT 2026-06-02 16:55:50.011316 ---
Traceback (most recent call last):
  File "C:\Users\monck\AppData\Local\Python\pythoncore-3.14-64\Lib\site-packages\flask\app.py", line 917, in full_dispatch_request
    rv = self.dispatch_request()
  File "C:\Users\monck\AppData\Local\Python\pythoncore-3.14-64\Lib\site-packages\flask\app.py", line 902, in dispatch_request
    return self.ensure_sync(self.view_functions[rule.endpoint])(**view_args)  # type: ignore[no-any-return]
           ~~~~~~~~~~~~~~~~~~~~~~~~~~~~~~~~~~~~~~~~~~~~~~~~~~~~^^^^^^^^^^^^^
  File "C:\03.Webapplication\app.py", line 1363, in download_file
    return send_from_directory(app.config['UPLOAD_FOLDER'], filename)
  File "C:\Users\monck\AppData\Local\Python\pythoncore-3.14-64\Lib\site-packages\flask\helpers.py", line 572, in send_from_directory
    return werkzeug.utils.send_from_directory(  # type: ignore[return-value]
           ~~~~~~~~~~~~~~~~~~~~~~~~~~~~~~~~~~^^^^^^^^^^^^^^^^^^^^^^^^^^^^^^^
        directory, path, **_prepare_send_file_kwargs(**kwargs)
        ^^^^^^^^^^^^^^^^^^^^^^^^^^^^^^^^^^^^^^^^^^^^^^^^^^^^^^
    )
    ^
  File "C:\Users\monck\AppData\Local\Python\pythoncore-3.14-64\Lib\site-packages\werkzeug\utils.py", line 568, in send_from_directory
    raise NotFound()
werkzeug.exceptions.NotFound: 404 Not Found: The requested URL was not found on the server. If you entered the URL manually please check your spelling and try again.

--- ERROR AT 2026-06-02 16:55:50.298327 ---
Traceback (most recent call last):
  File "C:\Users\monck\AppData\Local\Python\pythoncore-3.14-64\Lib\site-packages\flask\app.py", line 917, in full_dispatch_request
    rv = self.dispatch_request()
  File "C:\Users\monck\AppData\Local\Python\pythoncore-3.14-64\Lib\site-packages\flask\app.py", line 902, in dispatch_request
    return self.ensure_sync(self.view_functions[rule.endpoint])(**view_args)  # type: ignore[no-any-return]
           ~~~~~~~~~~~~~~~~~~~~~~~~~~~~~~~~~~~~~~~~~~~~~~~~~~~~^^^^^^^^^^^^^
  File "C:\03.Webapplication\app.py", line 1363, in download_file
    return send_from_directory(app.config['UPLOAD_FOLDER'], filename)
  File "C:\Users\monck\AppData\Local\Python\pythoncore-3.14-64\Lib\site-packages\flask\helpers.py", line 572, in send_from_directory
    return werkzeug.utils.send_from_directory(  # type: ignore[return-value]
           ~~~~~~~~~~~~~~~~~~~~~~~~~~~~~~~~~~^^^^^^^^^^^^^^^^^^^^^^^^^^^^^^^
        directory, path, **_prepare_send_file_kwargs(**kwargs)
        ^^^^^^^^^^^^^^^^^^^^^^^^^^^^^^^^^^^^^^^^^^^^^^^^^^^^^^
    )
    ^
  File "C:\Users\monck\AppData\Local\Python\pythoncore-3.14-64\Lib\site-packages\werkzeug\utils.py", line 568, in send_from_directory
    raise NotFound()
werkzeug.exceptions.NotFound: 404 Not Found: The requested URL was not found on the server. If you entered the URL manually please check your spelling and try again.

--- ERROR AT 2026-06-02 16:55:50.611321 ---
Traceback (most recent call last):
  File "C:\Users\monck\AppData\Local\Python\pythoncore-3.14-64\Lib\site-packages\flask\app.py", line 917, in full_dispatch_request
    rv = self.dispatch_request()
  File "C:\Users\monck\AppData\Local\Python\pythoncore-3.14-64\Lib\site-packages\flask\app.py", line 891, in dispatch_request
    self.raise_routing_exception(req)
    ~~~~~~~~~~~~~~~~~~~~~~~~~~~~^^^^^
  File "C:\Users\monck\AppData\Local\Python\pythoncore-3.14-64\Lib\site-packages\flask\app.py", line 500, in raise_routing_exception
    raise request.routing_exception  # type: ignore[misc]
    ^^^^^^^^^^^^^^^^^^^^^^^^^^^^^^^
  File "C:\Users\monck\AppData\Local\Python\pythoncore-3.14-64\Lib\site-packages\flask\ctx.py", line 362, in match_request
    result = self.url_adapter.match(return_rule=True)  # type: ignore
  File "C:\Users\monck\AppData\Local\Python\pythoncore-3.14-64\Lib\site-packages\werkzeug\routing\map.py", line 629, in match
    raise NotFound() from None
werkzeug.exceptions.NotFound: 404 Not Found: The requested URL was not found on the server. If you entered the URL manually please check your spelling and try again.

--- ERROR AT 2026-06-02 16:55:53.239944 ---
Traceback (most recent call last):
  File "C:\Users\monck\AppData\Local\Python\pythoncore-3.14-64\Lib\site-packages\flask\app.py", line 917, in full_dispatch_request
    rv = self.dispatch_request()
  File "C:\Users\monck\AppData\Local\Python\pythoncore-3.14-64\Lib\site-packages\flask\app.py", line 902, in dispatch_request
    return self.ensure_sync(self.view_functions[rule.endpoint])(**view_args)  # type: ignore[no-any-return]
           ~~~~~~~~~~~~~~~~~~~~~~~~~~~~~~~~~~~~~~~~~~~~~~~~~~~~^^^^^^^^^^^^^
  File "C:\03.Webapplication\app.py", line 1363, in download_file
    return send_from_directory(app.config['UPLOAD_FOLDER'], filename)
  File "C:\Users\monck\AppData\Local\Python\pythoncore-3.14-64\Lib\site-packages\flask\helpers.py", line 572, in send_from_directory
    return werkzeug.utils.send_from_directory(  # type: ignore[return-value]
           ~~~~~~~~~~~~~~~~~~~~~~~~~~~~~~~~~~^^^^^^^^^^^^^^^^^^^^^^^^^^^^^^^
        directory, path, **_prepare_send_file_kwargs(**kwargs)
        ^^^^^^^^^^^^^^^^^^^^^^^^^^^^^^^^^^^^^^^^^^^^^^^^^^^^^^
    )
    ^
  File "C:\Users\monck\AppData\Local\Python\pythoncore-3.14-64\Lib\site-packages\werkzeug\utils.py", line 568, in send_from_directory
    raise NotFound()
werkzeug.exceptions.NotFound: 404 Not Found: The requested URL was not found on the server. If you entered the URL manually please check your spelling and try again.

--- ERROR AT 2026-06-02 16:55:53.525603 ---
Traceback (most recent call last):
  File "C:\Users\monck\AppData\Local\Python\pythoncore-3.14-64\Lib\site-packages\flask\app.py", line 917, in full_dispatch_request
    rv = self.dispatch_request()
  File "C:\Users\monck\AppData\Local\Python\pythoncore-3.14-64\Lib\site-packages\flask\app.py", line 902, in dispatch_request
    return self.ensure_sync(self.view_functions[rule.endpoint])(**view_args)  # type: ignore[no-any-return]
           ~~~~~~~~~~~~~~~~~~~~~~~~~~~~~~~~~~~~~~~~~~~~~~~~~~~~^^^^^^^^^^^^^
  File "C:\03.Webapplication\app.py", line 1363, in download_file
    return send_from_directory(app.config['UPLOAD_FOLDER'], filename)
  File "C:\Users\monck\AppData\Local\Python\pythoncore-3.14-64\Lib\site-packages\flask\helpers.py", line 572, in send_from_directory
    return werkzeug.utils.send_from_directory(  # type: ignore[return-value]
           ~~~~~~~~~~~~~~~~~~~~~~~~~~~~~~~~~~^^^^^^^^^^^^^^^^^^^^^^^^^^^^^^^
        directory, path, **_prepare_send_file_kwargs(**kwargs)
        ^^^^^^^^^^^^^^^^^^^^^^^^^^^^^^^^^^^^^^^^^^^^^^^^^^^^^^
    )
    ^
  File "C:\Users\monck\AppData\Local\Python\pythoncore-3.14-64\Lib\site-packages\werkzeug\utils.py", line 568, in send_from_directory
    raise NotFound()
werkzeug.exceptions.NotFound: 404 Not Found: The requested URL was not found on the server. If you entered the URL manually please check your spelling and try again.

--- ERROR AT 2026-06-02 16:55:53.847452 ---
Traceback (most recent call last):
  File "C:\Users\monck\AppData\Local\Python\pythoncore-3.14-64\Lib\site-packages\flask\app.py", line 917, in full_dispatch_request
    rv = self.dispatch_request()
  File "C:\Users\monck\AppData\Local\Python\pythoncore-3.14-64\Lib\site-packages\flask\app.py", line 891, in dispatch_request
    self.raise_routing_exception(req)
    ~~~~~~~~~~~~~~~~~~~~~~~~~~~~^^^^^
  File "C:\Users\monck\AppData\Local\Python\pythoncore-3.14-64\Lib\site-packages\flask\app.py", line 500, in raise_routing_exception
    raise request.routing_exception  # type: ignore[misc]
    ^^^^^^^^^^^^^^^^^^^^^^^^^^^^^^^
  File "C:\Users\monck\AppData\Local\Python\pythoncore-3.14-64\Lib\site-packages\flask\ctx.py", line 362, in match_request
    result = self.url_adapter.match(return_rule=True)  # type: ignore
  File "C:\Users\monck\AppData\Local\Python\pythoncore-3.14-64\Lib\site-packages\werkzeug\routing\map.py", line 629, in match
    raise NotFound() from None
werkzeug.exceptions.NotFound: 404 Not Found: The requested URL was not found on the server. If you entered the URL manually please check your spelling and try again.

--- ERROR AT 2026-06-02 16:55:55.486169 ---
Traceback (most recent call last):
  File "C:\Users\monck\AppData\Local\Python\pythoncore-3.14-64\Lib\site-packages\flask\app.py", line 917, in full_dispatch_request
    rv = self.dispatch_request()
  File "C:\Users\monck\AppData\Local\Python\pythoncore-3.14-64\Lib\site-packages\flask\app.py", line 902, in dispatch_request
    return self.ensure_sync(self.view_functions[rule.endpoint])(**view_args)  # type: ignore[no-any-return]
           ~~~~~~~~~~~~~~~~~~~~~~~~~~~~~~~~~~~~~~~~~~~~~~~~~~~~^^^^^^^^^^^^^
  File "C:\03.Webapplication\app.py", line 1363, in download_file
    return send_from_directory(app.config['UPLOAD_FOLDER'], filename)
  File "C:\Users\monck\AppData\Local\Python\pythoncore-3.14-64\Lib\site-packages\flask\helpers.py", line 572, in send_from_directory
    return werkzeug.utils.send_from_directory(  # type: ignore[return-value]
           ~~~~~~~~~~~~~~~~~~~~~~~~~~~~~~~~~~^^^^^^^^^^^^^^^^^^^^^^^^^^^^^^^
        directory, path, **_prepare_send_file_kwargs(**kwargs)
        ^^^^^^^^^^^^^^^^^^^^^^^^^^^^^^^^^^^^^^^^^^^^^^^^^^^^^^
    )
    ^
  File "C:\Users\monck\AppData\Local\Python\pythoncore-3.14-64\Lib\site-packages\werkzeug\utils.py", line 568, in send_from_directory
    raise NotFound()
werkzeug.exceptions.NotFound: 404 Not Found: The requested URL was not found on the server. If you entered the URL manually please check your spelling and try again.

--- ERROR AT 2026-06-02 16:55:55.486446 ---
Traceback (most recent call last):
  File "C:\Users\monck\AppData\Local\Python\pythoncore-3.14-64\Lib\site-packages\flask\app.py", line 917, in full_dispatch_request
    rv = self.dispatch_request()
  File "C:\Users\monck\AppData\Local\Python\pythoncore-3.14-64\Lib\site-packages\flask\app.py", line 902, in dispatch_request
    return self.ensure_sync(self.view_functions[rule.endpoint])(**view_args)  # type: ignore[no-any-return]
           ~~~~~~~~~~~~~~~~~~~~~~~~~~~~~~~~~~~~~~~~~~~~~~~~~~~~^^^^^^^^^^^^^
  File "C:\03.Webapplication\app.py", line 1363, in download_file
    return send_from_directory(app.config['UPLOAD_FOLDER'], filename)
  File "C:\Users\monck\AppData\Local\Python\pythoncore-3.14-64\Lib\site-packages\flask\helpers.py", line 572, in send_from_directory
    return werkzeug.utils.send_from_directory(  # type: ignore[return-value]
           ~~~~~~~~~~~~~~~~~~~~~~~~~~~~~~~~~~^^^^^^^^^^^^^^^^^^^^^^^^^^^^^^^
        directory, path, **_prepare_send_file_kwargs(**kwargs)
        ^^^^^^^^^^^^^^^^^^^^^^^^^^^^^^^^^^^^^^^^^^^^^^^^^^^^^^
    )
    ^
  File "C:\Users\monck\AppData\Local\Python\pythoncore-3.14-64\Lib\site-packages\werkzeug\utils.py", line 568, in send_from_directory
    raise NotFound()
werkzeug.exceptions.NotFound: 404 Not Found: The requested URL was not found on the server. If you entered the URL manually please check your spelling and try again.

--- ERROR AT 2026-06-02 16:55:57.360343 ---
Traceback (most recent call last):
  File "C:\Users\monck\AppData\Local\Python\pythoncore-3.14-64\Lib\site-packages\flask\app.py", line 917, in full_dispatch_request
    rv = self.dispatch_request()
  File "C:\Users\monck\AppData\Local\Python\pythoncore-3.14-64\Lib\site-packages\flask\app.py", line 902, in dispatch_request
    return self.ensure_sync(self.view_functions[rule.endpoint])(**view_args)  # type: ignore[no-any-return]
           ~~~~~~~~~~~~~~~~~~~~~~~~~~~~~~~~~~~~~~~~~~~~~~~~~~~~^^^^^^^^^^^^^
  File "C:\03.Webapplication\app.py", line 1363, in download_file
    return send_from_directory(app.config['UPLOAD_FOLDER'], filename)
  File "C:\Users\monck\AppData\Local\Python\pythoncore-3.14-64\Lib\site-packages\flask\helpers.py", line 572, in send_from_directory
    return werkzeug.utils.send_from_directory(  # type: ignore[return-value]
           ~~~~~~~~~~~~~~~~~~~~~~~~~~~~~~~~~~^^^^^^^^^^^^^^^^^^^^^^^^^^^^^^^
        directory, path, **_prepare_send_file_kwargs(**kwargs)
        ^^^^^^^^^^^^^^^^^^^^^^^^^^^^^^^^^^^^^^^^^^^^^^^^^^^^^^
    )
    ^
  File "C:\Users\monck\AppData\Local\Python\pythoncore-3.14-64\Lib\site-packages\werkzeug\utils.py", line 568, in send_from_directory
    raise NotFound()
werkzeug.exceptions.NotFound: 404 Not Found: The requested URL was not found on the server. If you entered the URL manually please check your spelling and try again.

--- ERROR AT 2026-06-02 16:55:57.363030 ---
Traceback (most recent call last):
  File "C:\Users\monck\AppData\Local\Python\pythoncore-3.14-64\Lib\site-packages\flask\app.py", line 917, in full_dispatch_request
    rv = self.dispatch_request()
  File "C:\Users\monck\AppData\Local\Python\pythoncore-3.14-64\Lib\site-packages\flask\app.py", line 902, in dispatch_request
    return self.ensure_sync(self.view_functions[rule.endpoint])(**view_args)  # type: ignore[no-any-return]
           ~~~~~~~~~~~~~~~~~~~~~~~~~~~~~~~~~~~~~~~~~~~~~~~~~~~~^^^^^^^^^^^^^
  File "C:\03.Webapplication\app.py", line 1363, in download_file
    return send_from_directory(app.config['UPLOAD_FOLDER'], filename)
  File "C:\Users\monck\AppData\Local\Python\pythoncore-3.14-64\Lib\site-packages\flask\helpers.py", line 572, in send_from_directory
    return werkzeug.utils.send_from_directory(  # type: ignore[return-value]
           ~~~~~~~~~~~~~~~~~~~~~~~~~~~~~~~~~~^^^^^^^^^^^^^^^^^^^^^^^^^^^^^^^
        directory, path, **_prepare_send_file_kwargs(**kwargs)
        ^^^^^^^^^^^^^^^^^^^^^^^^^^^^^^^^^^^^^^^^^^^^^^^^^^^^^^
    )
    ^
  File "C:\Users\monck\AppData\Local\Python\pythoncore-3.14-64\Lib\site-packages\werkzeug\utils.py", line 568, in send_from_directory
    raise NotFound()
werkzeug.exceptions.NotFound: 404 Not Found: The requested URL was not found on the server. If you entered the URL manually please check your spelling and try again.

--- ERROR AT 2026-06-02 16:55:57.643893 ---
Traceback (most recent call last):
  File "C:\Users\monck\AppData\Local\Python\pythoncore-3.14-64\Lib\site-packages\flask\app.py", line 917, in full_dispatch_request
    rv = self.dispatch_request()
  File "C:\Users\monck\AppData\Local\Python\pythoncore-3.14-64\Lib\site-packages\flask\app.py", line 902, in dispatch_request
    return self.ensure_sync(self.view_functions[rule.endpoint])(**view_args)  # type: ignore[no-any-return]
           ~~~~~~~~~~~~~~~~~~~~~~~~~~~~~~~~~~~~~~~~~~~~~~~~~~~~^^^^^^^^^^^^^
  File "C:\03.Webapplication\app.py", line 1363, in download_file
    return send_from_directory(app.config['UPLOAD_FOLDER'], filename)
  File "C:\Users\monck\AppData\Local\Python\pythoncore-3.14-64\Lib\site-packages\flask\helpers.py", line 572, in send_from_directory
    return werkzeug.utils.send_from_directory(  # type: ignore[return-value]
           ~~~~~~~~~~~~~~~~~~~~~~~~~~~~~~~~~~^^^^^^^^^^^^^^^^^^^^^^^^^^^^^^^
        directory, path, **_prepare_send_file_kwargs(**kwargs)
        ^^^^^^^^^^^^^^^^^^^^^^^^^^^^^^^^^^^^^^^^^^^^^^^^^^^^^^
    )
    ^
  File "C:\Users\monck\AppData\Local\Python\pythoncore-3.14-64\Lib\site-packages\werkzeug\utils.py", line 568, in send_from_directory
    raise NotFound()
werkzeug.exceptions.NotFound: 404 Not Found: The requested URL was not found on the server. If you entered the URL manually please check your spelling and try again.

--- ERROR AT 2026-06-02 16:55:57.959714 ---
Traceback (most recent call last):
  File "C:\Users\monck\AppData\Local\Python\pythoncore-3.14-64\Lib\site-packages\flask\app.py", line 917, in full_dispatch_request
    rv = self.dispatch_request()
  File "C:\Users\monck\AppData\Local\Python\pythoncore-3.14-64\Lib\site-packages\flask\app.py", line 891, in dispatch_request
    self.raise_routing_exception(req)
    ~~~~~~~~~~~~~~~~~~~~~~~~~~~~^^^^^
  File "C:\Users\monck\AppData\Local\Python\pythoncore-3.14-64\Lib\site-packages\flask\app.py", line 500, in raise_routing_exception
    raise request.routing_exception  # type: ignore[misc]
    ^^^^^^^^^^^^^^^^^^^^^^^^^^^^^^^
  File "C:\Users\monck\AppData\Local\Python\pythoncore-3.14-64\Lib\site-packages\flask\ctx.py", line 362, in match_request
    result = self.url_adapter.match(return_rule=True)  # type: ignore
  File "C:\Users\monck\AppData\Local\Python\pythoncore-3.14-64\Lib\site-packages\werkzeug\routing\map.py", line 629, in match
    raise NotFound() from None
werkzeug.exceptions.NotFound: 404 Not Found: The requested URL was not found on the server. If you entered the URL manually please check your spelling and try again.

--- ERROR AT 2026-06-02 16:55:59.860807 ---
Traceback (most recent call last):
  File "C:\Users\monck\AppData\Local\Python\pythoncore-3.14-64\Lib\site-packages\flask\app.py", line 917, in full_dispatch_request
    rv = self.dispatch_request()
  File "C:\Users\monck\AppData\Local\Python\pythoncore-3.14-64\Lib\site-packages\flask\app.py", line 891, in dispatch_request
    self.raise_routing_exception(req)
    ~~~~~~~~~~~~~~~~~~~~~~~~~~~~^^^^^
  File "C:\Users\monck\AppData\Local\Python\pythoncore-3.14-64\Lib\site-packages\flask\app.py", line 500, in raise_routing_exception
    raise request.routing_exception  # type: ignore[misc]
    ^^^^^^^^^^^^^^^^^^^^^^^^^^^^^^^
  File "C:\Users\monck\AppData\Local\Python\pythoncore-3.14-64\Lib\site-packages\flask\ctx.py", line 362, in match_request
    result = self.url_adapter.match(return_rule=True)  # type: ignore
  File "C:\Users\monck\AppData\Local\Python\pythoncore-3.14-64\Lib\site-packages\werkzeug\routing\map.py", line 629, in match
    raise NotFound() from None
werkzeug.exceptions.NotFound: 404 Not Found: The requested URL was not found on the server. If you entered the URL manually please check your spelling and try again.

--- ERROR AT 2026-06-02 16:56:02.860438 ---
Traceback (most recent call last):
  File "C:\Users\monck\AppData\Local\Python\pythoncore-3.14-64\Lib\site-packages\flask\app.py", line 917, in full_dispatch_request
    rv = self.dispatch_request()
  File "C:\Users\monck\AppData\Local\Python\pythoncore-3.14-64\Lib\site-packages\flask\app.py", line 902, in dispatch_request
    return self.ensure_sync(self.view_functions[rule.endpoint])(**view_args)  # type: ignore[no-any-return]
           ~~~~~~~~~~~~~~~~~~~~~~~~~~~~~~~~~~~~~~~~~~~~~~~~~~~~^^^^^^^^^^^^^
  File "C:\03.Webapplication\app.py", line 1363, in download_file
    return send_from_directory(app.config['UPLOAD_FOLDER'], filename)
  File "C:\Users\monck\AppData\Local\Python\pythoncore-3.14-64\Lib\site-packages\flask\helpers.py", line 572, in send_from_directory
    return werkzeug.utils.send_from_directory(  # type: ignore[return-value]
           ~~~~~~~~~~~~~~~~~~~~~~~~~~~~~~~~~~^^^^^^^^^^^^^^^^^^^^^^^^^^^^^^^
        directory, path, **_prepare_send_file_kwargs(**kwargs)
        ^^^^^^^^^^^^^^^^^^^^^^^^^^^^^^^^^^^^^^^^^^^^^^^^^^^^^^
    )
    ^
  File "C:\Users\monck\AppData\Local\Python\pythoncore-3.14-64\Lib\site-packages\werkzeug\utils.py", line 568, in send_from_directory
    raise NotFound()
werkzeug.exceptions.NotFound: 404 Not Found: The requested URL was not found on the server. If you entered the URL manually please check your spelling and try again.

--- ERROR AT 2026-06-02 16:56:02.997398 ---
Traceback (most recent call last):
  File "C:\Users\monck\AppData\Local\Python\pythoncore-3.14-64\Lib\site-packages\flask\app.py", line 917, in full_dispatch_request
    rv = self.dispatch_request()
  File "C:\Users\monck\AppData\Local\Python\pythoncore-3.14-64\Lib\site-packages\flask\app.py", line 902, in dispatch_request
    return self.ensure_sync(self.view_functions[rule.endpoint])(**view_args)  # type: ignore[no-any-return]
           ~~~~~~~~~~~~~~~~~~~~~~~~~~~~~~~~~~~~~~~~~~~~~~~~~~~~^^^^^^^^^^^^^
  File "C:\03.Webapplication\app.py", line 1363, in download_file
    return send_from_directory(app.config['UPLOAD_FOLDER'], filename)
  File "C:\Users\monck\AppData\Local\Python\pythoncore-3.14-64\Lib\site-packages\flask\helpers.py", line 572, in send_from_directory
    return werkzeug.utils.send_from_directory(  # type: ignore[return-value]
           ~~~~~~~~~~~~~~~~~~~~~~~~~~~~~~~~~~^^^^^^^^^^^^^^^^^^^^^^^^^^^^^^^
        directory, path, **_prepare_send_file_kwargs(**kwargs)
        ^^^^^^^^^^^^^^^^^^^^^^^^^^^^^^^^^^^^^^^^^^^^^^^^^^^^^^
    )
    ^
  File "C:\Users\monck\AppData\Local\Python\pythoncore-3.14-64\Lib\site-packages\werkzeug\utils.py", line 568, in send_from_directory
    raise NotFound()
werkzeug.exceptions.NotFound: 404 Not Found: The requested URL was not found on the server. If you entered the URL manually please check your spelling and try again.

--- ERROR AT 2026-06-02 16:56:03.004075 ---
Traceback (most recent call last):
  File "C:\Users\monck\AppData\Local\Python\pythoncore-3.14-64\Lib\site-packages\flask\app.py", line 917, in full_dispatch_request
    rv = self.dispatch_request()
  File "C:\Users\monck\AppData\Local\Python\pythoncore-3.14-64\Lib\site-packages\flask\app.py", line 902, in dispatch_request
    return self.ensure_sync(self.view_functions[rule.endpoint])(**view_args)  # type: ignore[no-any-return]
           ~~~~~~~~~~~~~~~~~~~~~~~~~~~~~~~~~~~~~~~~~~~~~~~~~~~~^^^^^^^^^^^^^
  File "C:\03.Webapplication\app.py", line 1363, in download_file
    return send_from_directory(app.config['UPLOAD_FOLDER'], filename)
  File "C:\Users\monck\AppData\Local\Python\pythoncore-3.14-64\Lib\site-packages\flask\helpers.py", line 572, in send_from_directory
    return werkzeug.utils.send_from_directory(  # type: ignore[return-value]
           ~~~~~~~~~~~~~~~~~~~~~~~~~~~~~~~~~~^^^^^^^^^^^^^^^^^^^^^^^^^^^^^^^
        directory, path, **_prepare_send_file_kwargs(**kwargs)
        ^^^^^^^^^^^^^^^^^^^^^^^^^^^^^^^^^^^^^^^^^^^^^^^^^^^^^^
    )
    ^
  File "C:\Users\monck\AppData\Local\Python\pythoncore-3.14-64\Lib\site-packages\werkzeug\utils.py", line 568, in send_from_directory
    raise NotFound()
werkzeug.exceptions.NotFound: 404 Not Found: The requested URL was not found on the server. If you entered the URL manually please check your spelling and try again.

--- ERROR AT 2026-06-02 16:56:03.328069 ---
Traceback (most recent call last):
  File "C:\Users\monck\AppData\Local\Python\pythoncore-3.14-64\Lib\site-packages\flask\app.py", line 917, in full_dispatch_request
    rv = self.dispatch_request()
  File "C:\Users\monck\AppData\Local\Python\pythoncore-3.14-64\Lib\site-packages\flask\app.py", line 891, in dispatch_request
    self.raise_routing_exception(req)
    ~~~~~~~~~~~~~~~~~~~~~~~~~~~~^^^^^
  File "C:\Users\monck\AppData\Local\Python\pythoncore-3.14-64\Lib\site-packages\flask\app.py", line 500, in raise_routing_exception
    raise request.routing_exception  # type: ignore[misc]
    ^^^^^^^^^^^^^^^^^^^^^^^^^^^^^^^
  File "C:\Users\monck\AppData\Local\Python\pythoncore-3.14-64\Lib\site-packages\flask\ctx.py", line 362, in match_request
    result = self.url_adapter.match(return_rule=True)  # type: ignore
  File "C:\Users\monck\AppData\Local\Python\pythoncore-3.14-64\Lib\site-packages\werkzeug\routing\map.py", line 629, in match
    raise NotFound() from None
werkzeug.exceptions.NotFound: 404 Not Found: The requested URL was not found on the server. If you entered the URL manually please check your spelling and try again.

--- ERROR AT 2026-06-02 16:57:44.632338 ---
Traceback (most recent call last):
  File "C:\Users\monck\AppData\Local\Python\pythoncore-3.14-64\Lib\site-packages\flask\app.py", line 917, in full_dispatch_request
    rv = self.dispatch_request()
  File "C:\Users\monck\AppData\Local\Python\pythoncore-3.14-64\Lib\site-packages\flask\app.py", line 902, in dispatch_request
    return self.ensure_sync(self.view_functions[rule.endpoint])(**view_args)  # type: ignore[no-any-return]
           ~~~~~~~~~~~~~~~~~~~~~~~~~~~~~~~~~~~~~~~~~~~~~~~~~~~~^^^^^^^^^^^^^
  File "C:\03.Webapplication\app.py", line 1363, in download_file
    return send_from_directory(app.config['UPLOAD_FOLDER'], filename)
  File "C:\Users\monck\AppData\Local\Python\pythoncore-3.14-64\Lib\site-packages\flask\helpers.py", line 572, in send_from_directory
    return werkzeug.utils.send_from_directory(  # type: ignore[return-value]
           ~~~~~~~~~~~~~~~~~~~~~~~~~~~~~~~~~~^^^^^^^^^^^^^^^^^^^^^^^^^^^^^^^
        directory, path, **_prepare_send_file_kwargs(**kwargs)
        ^^^^^^^^^^^^^^^^^^^^^^^^^^^^^^^^^^^^^^^^^^^^^^^^^^^^^^
    )
    ^
  File "C:\Users\monck\AppData\Local\Python\pythoncore-3.14-64\Lib\site-packages\werkzeug\utils.py", line 568, in send_from_directory
    raise NotFound()
werkzeug.exceptions.NotFound: 404 Not Found: The requested URL was not found on the server. If you entered the URL manually please check your spelling and try again.

--- ERROR AT 2026-06-02 16:57:44.632555 ---
Traceback (most recent call last):
  File "C:\Users\monck\AppData\Local\Python\pythoncore-3.14-64\Lib\site-packages\flask\app.py", line 917, in full_dispatch_request
    rv = self.dispatch_request()
  File "C:\Users\monck\AppData\Local\Python\pythoncore-3.14-64\Lib\site-packages\flask\app.py", line 902, in dispatch_request
    return self.ensure_sync(self.view_functions[rule.endpoint])(**view_args)  # type: ignore[no-any-return]
           ~~~~~~~~~~~~~~~~~~~~~~~~~~~~~~~~~~~~~~~~~~~~~~~~~~~~^^^^^^^^^^^^^
  File "C:\03.Webapplication\app.py", line 1363, in download_file
    return send_from_directory(app.config['UPLOAD_FOLDER'], filename)
  File "C:\Users\monck\AppData\Local\Python\pythoncore-3.14-64\Lib\site-packages\flask\helpers.py", line 572, in send_from_directory
    return werkzeug.utils.send_from_directory(  # type: ignore[return-value]
           ~~~~~~~~~~~~~~~~~~~~~~~~~~~~~~~~~~^^^^^^^^^^^^^^^^^^^^^^^^^^^^^^^
        directory, path, **_prepare_send_file_kwargs(**kwargs)
        ^^^^^^^^^^^^^^^^^^^^^^^^^^^^^^^^^^^^^^^^^^^^^^^^^^^^^^
    )
    ^
  File "C:\Users\monck\AppData\Local\Python\pythoncore-3.14-64\Lib\site-packages\werkzeug\utils.py", line 568, in send_from_directory
    raise NotFound()
werkzeug.exceptions.NotFound: 404 Not Found: The requested URL was not found on the server. If you entered the URL manually please check your spelling and try again.

--- ERROR AT 2026-06-02 16:57:44.637909 ---
Traceback (most recent call last):
  File "C:\Users\monck\AppData\Local\Python\pythoncore-3.14-64\Lib\site-packages\flask\app.py", line 917, in full_dispatch_request
    rv = self.dispatch_request()
  File "C:\Users\monck\AppData\Local\Python\pythoncore-3.14-64\Lib\site-packages\flask\app.py", line 902, in dispatch_request
    return self.ensure_sync(self.view_functions[rule.endpoint])(**view_args)  # type: ignore[no-any-return]
           ~~~~~~~~~~~~~~~~~~~~~~~~~~~~~~~~~~~~~~~~~~~~~~~~~~~~^^^^^^^^^^^^^
  File "C:\03.Webapplication\app.py", line 1363, in download_file
    return send_from_directory(app.config['UPLOAD_FOLDER'], filename)
  File "C:\Users\monck\AppData\Local\Python\pythoncore-3.14-64\Lib\site-packages\flask\helpers.py", line 572, in send_from_directory
    return werkzeug.utils.send_from_directory(  # type: ignore[return-value]
           ~~~~~~~~~~~~~~~~~~~~~~~~~~~~~~~~~~^^^^^^^^^^^^^^^^^^^^^^^^^^^^^^^
        directory, path, **_prepare_send_file_kwargs(**kwargs)
        ^^^^^^^^^^^^^^^^^^^^^^^^^^^^^^^^^^^^^^^^^^^^^^^^^^^^^^
    )
    ^
  File "C:\Users\monck\AppData\Local\Python\pythoncore-3.14-64\Lib\site-packages\werkzeug\utils.py", line 568, in send_from_directory
    raise NotFound()
werkzeug.exceptions.NotFound: 404 Not Found: The requested URL was not found on the server. If you entered the URL manually please check your spelling and try again.

--- ERROR AT 2026-06-02 16:57:44.954523 ---
Traceback (most recent call last):
  File "C:\Users\monck\AppData\Local\Python\pythoncore-3.14-64\Lib\site-packages\flask\app.py", line 917, in full_dispatch_request
    rv = self.dispatch_request()
  File "C:\Users\monck\AppData\Local\Python\pythoncore-3.14-64\Lib\site-packages\flask\app.py", line 891, in dispatch_request
    self.raise_routing_exception(req)
    ~~~~~~~~~~~~~~~~~~~~~~~~~~~~^^^^^
  File "C:\Users\monck\AppData\Local\Python\pythoncore-3.14-64\Lib\site-packages\flask\app.py", line 500, in raise_routing_exception
    raise request.routing_exception  # type: ignore[misc]
    ^^^^^^^^^^^^^^^^^^^^^^^^^^^^^^^
  File "C:\Users\monck\AppData\Local\Python\pythoncore-3.14-64\Lib\site-packages\flask\ctx.py", line 362, in match_request
    result = self.url_adapter.match(return_rule=True)  # type: ignore
  File "C:\Users\monck\AppData\Local\Python\pythoncore-3.14-64\Lib\site-packages\werkzeug\routing\map.py", line 629, in match
    raise NotFound() from None
werkzeug.exceptions.NotFound: 404 Not Found: The requested URL was not found on the server. If you entered the URL manually please check your spelling and try again.

--- ERROR AT 2026-06-02 16:57:46.800407 ---
Traceback (most recent call last):
  File "C:\Users\monck\AppData\Local\Python\pythoncore-3.14-64\Lib\site-packages\flask\app.py", line 917, in full_dispatch_request
    rv = self.dispatch_request()
  File "C:\Users\monck\AppData\Local\Python\pythoncore-3.14-64\Lib\site-packages\flask\app.py", line 902, in dispatch_request
    return self.ensure_sync(self.view_functions[rule.endpoint])(**view_args)  # type: ignore[no-any-return]
           ~~~~~~~~~~~~~~~~~~~~~~~~~~~~~~~~~~~~~~~~~~~~~~~~~~~~^^^^^^^^^^^^^
  File "C:\03.Webapplication\app.py", line 1363, in download_file
    return send_from_directory(app.config['UPLOAD_FOLDER'], filename)
  File "C:\Users\monck\AppData\Local\Python\pythoncore-3.14-64\Lib\site-packages\flask\helpers.py", line 572, in send_from_directory
    return werkzeug.utils.send_from_directory(  # type: ignore[return-value]
           ~~~~~~~~~~~~~~~~~~~~~~~~~~~~~~~~~~^^^^^^^^^^^^^^^^^^^^^^^^^^^^^^^
        directory, path, **_prepare_send_file_kwargs(**kwargs)
        ^^^^^^^^^^^^^^^^^^^^^^^^^^^^^^^^^^^^^^^^^^^^^^^^^^^^^^
    )
    ^
  File "C:\Users\monck\AppData\Local\Python\pythoncore-3.14-64\Lib\site-packages\werkzeug\utils.py", line 568, in send_from_directory
    raise NotFound()
werkzeug.exceptions.NotFound: 404 Not Found: The requested URL was not found on the server. If you entered the URL manually please check your spelling and try again.

--- ERROR AT 2026-06-02 16:57:46.800193 ---
Traceback (most recent call last):
  File "C:\Users\monck\AppData\Local\Python\pythoncore-3.14-64\Lib\site-packages\flask\app.py", line 917, in full_dispatch_request
    rv = self.dispatch_request()
  File "C:\Users\monck\AppData\Local\Python\pythoncore-3.14-64\Lib\site-packages\flask\app.py", line 902, in dispatch_request
    return self.ensure_sync(self.view_functions[rule.endpoint])(**view_args)  # type: ignore[no-any-return]
           ~~~~~~~~~~~~~~~~~~~~~~~~~~~~~~~~~~~~~~~~~~~~~~~~~~~~^^^^^^^^^^^^^
  File "C:\03.Webapplication\app.py", line 1363, in download_file
    return send_from_directory(app.config['UPLOAD_FOLDER'], filename)
  File "C:\Users\monck\AppData\Local\Python\pythoncore-3.14-64\Lib\site-packages\flask\helpers.py", line 572, in send_from_directory
    return werkzeug.utils.send_from_directory(  # type: ignore[return-value]
           ~~~~~~~~~~~~~~~~~~~~~~~~~~~~~~~~~~^^^^^^^^^^^^^^^^^^^^^^^^^^^^^^^
        directory, path, **_prepare_send_file_kwargs(**kwargs)
        ^^^^^^^^^^^^^^^^^^^^^^^^^^^^^^^^^^^^^^^^^^^^^^^^^^^^^^
    )
    ^
  File "C:\Users\monck\AppData\Local\Python\pythoncore-3.14-64\Lib\site-packages\werkzeug\utils.py", line 568, in send_from_directory
    raise NotFound()
werkzeug.exceptions.NotFound: 404 Not Found: The requested URL was not found on the server. If you entered the URL manually please check your spelling and try again.

--- ERROR AT 2026-06-02 16:57:47.092908 ---
Traceback (most recent call last):
  File "C:\Users\monck\AppData\Local\Python\pythoncore-3.14-64\Lib\site-packages\flask\app.py", line 917, in full_dispatch_request
    rv = self.dispatch_request()
  File "C:\Users\monck\AppData\Local\Python\pythoncore-3.14-64\Lib\site-packages\flask\app.py", line 902, in dispatch_request
    return self.ensure_sync(self.view_functions[rule.endpoint])(**view_args)  # type: ignore[no-any-return]
           ~~~~~~~~~~~~~~~~~~~~~~~~~~~~~~~~~~~~~~~~~~~~~~~~~~~~^^^^^^^^^^^^^
  File "C:\03.Webapplication\app.py", line 1363, in download_file
    return send_from_directory(app.config['UPLOAD_FOLDER'], filename)
  File "C:\Users\monck\AppData\Local\Python\pythoncore-3.14-64\Lib\site-packages\flask\helpers.py", line 572, in send_from_directory
    return werkzeug.utils.send_from_directory(  # type: ignore[return-value]
           ~~~~~~~~~~~~~~~~~~~~~~~~~~~~~~~~~~^^^^^^^^^^^^^^^^^^^^^^^^^^^^^^^
        directory, path, **_prepare_send_file_kwargs(**kwargs)
        ^^^^^^^^^^^^^^^^^^^^^^^^^^^^^^^^^^^^^^^^^^^^^^^^^^^^^^
    )
    ^
  File "C:\Users\monck\AppData\Local\Python\pythoncore-3.14-64\Lib\site-packages\werkzeug\utils.py", line 568, in send_from_directory
    raise NotFound()
werkzeug.exceptions.NotFound: 404 Not Found: The requested URL was not found on the server. If you entered the URL manually please check your spelling and try again.

--- ERROR AT 2026-06-02 16:57:47.405956 ---
Traceback (most recent call last):
  File "C:\Users\monck\AppData\Local\Python\pythoncore-3.14-64\Lib\site-packages\flask\app.py", line 917, in full_dispatch_request
    rv = self.dispatch_request()
  File "C:\Users\monck\AppData\Local\Python\pythoncore-3.14-64\Lib\site-packages\flask\app.py", line 891, in dispatch_request
    self.raise_routing_exception(req)
    ~~~~~~~~~~~~~~~~~~~~~~~~~~~~^^^^^
  File "C:\Users\monck\AppData\Local\Python\pythoncore-3.14-64\Lib\site-packages\flask\app.py", line 500, in raise_routing_exception
    raise request.routing_exception  # type: ignore[misc]
    ^^^^^^^^^^^^^^^^^^^^^^^^^^^^^^^
  File "C:\Users\monck\AppData\Local\Python\pythoncore-3.14-64\Lib\site-packages\flask\ctx.py", line 362, in match_request
    result = self.url_adapter.match(return_rule=True)  # type: ignore
  File "C:\Users\monck\AppData\Local\Python\pythoncore-3.14-64\Lib\site-packages\werkzeug\routing\map.py", line 629, in match
    raise NotFound() from None
werkzeug.exceptions.NotFound: 404 Not Found: The requested URL was not found on the server. If you entered the URL manually please check your spelling and try again.

